{"v":"5.12.1","fr":60,"ip":0,"op":300,"w":1440,"h":1300,"nm":"Frame 6814","ddd":0,"assets":[{"id":"comp_0","nm":"play zMelody 2","fr":60,"layers":[{"ddd":0,"ind":1,"ty":4,"nm":"Line","sr":1,"ks":{"o":{"a":0,"k":70,"ix":11},"r":{"a":0,"k":0,"ix":10},"p":{"a":0,"k":[585.583,1018.098,0],"ix":2,"l":2},"a":{"a":0,"k":[0,0,0],"ix":1,"l":2},"s":{"a":0,"k":[100,100,100],"ix":6,"l":2}},"ao":0,"shapes":[{"ty":"gr","it":[{"ind":0,"ty":"sh","ix":1,"ks":{"a":0,"k":{"i":[[-0.67,-0.799],[-2.967,-2.412],[-4.916,-2.808],[-3.46,-1.536],[-0.57,0.977],[0.956,0.427],[8.045,7.571],[1.233,1.451],[0.694,-0.698]],"o":[[2.474,2.932],[4.4,3.568],[3.29,1.877],[0.948,0.419],[0.478,-0.822],[-10.033,-4.46],[-1.387,-1.303],[-0.67,-0.807],[-0.786,0.791]],"v":[[-77.459,-25.192],[-69.129,-17.249],[-55.119,-7.676],[-44.986,-2.557],[-42.351,-3.255],[-43.044,-5.908],[-70.786,-23.811],[-74.739,-27.93],[-77.459,-27.938]],"c":true},"ix":2},"nm":"Path 1","mn":"ADBE Vector Shape - Group","hd":false},{"ind":1,"ty":"sh","ix":2,"ks":{"a":0,"k":{"i":[[13.616,0.908],[11.389,4.74],[0,0],[-0.301,1.117],[-0.963,-0.403],[-6.296,-1.179],[-13.17,1.032],[-10.68,5.694],[2.189,-1.171],[6.65,-1.489]],"o":[[-12.229,-0.815],[0,0],[-0.971,-0.403],[0.254,-0.923],[5.926,2.467],[12.992,2.436],[12.029,-0.946],[2.189,-1.164],[-6.034,3.219],[-13.347,2.979]],"v":[[16.924,16.014],[-19.287,8.544],[-19.279,8.544],[-20.628,6.155],[-18.254,4.797],[0.225,10.064],[39.811,12.027],[75.104,3.091],[77.046,6.442],[57.796,13.284]],"c":true},"ix":2},"nm":"Path 2","mn":"ADBE Vector Shape - Group","hd":false},{"ind":2,"ty":"sh","ix":3,"ks":{"a":0,"k":{"i":[[9.062,0.559],[8.184,2.164],[0,0],[-2.397,-0.636],[-4.439,-0.636],[-8.361,0.396],[-7.929,2.793],[-0.262,-0.962],[0.979,-0.349],[4.662,-0.714]],"o":[[-8.43,-0.52],[0,0],[-2.397,-0.636],[4.338,1.148],[8.608,1.226],[8.361,-0.396],[0.994,-0.341],[0.285,1.063],[-4.454,1.567],[-8.985,1.365]],"v":[[18.843,28.223],[-6.233,24.368],[-6.24,24.36],[-5.216,20.621],[7.977,23.251],[34.023,24.461],[58.729,20.086],[61.102,21.443],[59.754,23.832],[46.022,27.16]],"c":true},"ix":2},"nm":"Path 3","mn":"ADBE Vector Shape - Group","hd":false},{"ty":"mm","mm":1,"nm":"Merge Paths 1","mn":"ADBE Vector Filter - Merge","hd":false},{"ty":"fl","c":{"a":0,"k":[1,1,1,1],"ix":4},"o":{"a":0,"k":100,"ix":5},"r":1,"bm":0,"nm":"Fill 1","mn":"ADBE Vector Graphic - Fill","hd":false},{"ty":"tr","p":{"a":0,"k":[0,0],"ix":2},"a":{"a":0,"k":[0,0],"ix":1},"s":{"a":0,"k":[400,400],"ix":3},"r":{"a":0,"k":0,"ix":6},"o":{"a":0,"k":100,"ix":7},"sk":{"a":0,"k":0,"ix":4},"sa":{"a":0,"k":0,"ix":5},"nm":"Transform"}],"nm":"Line","np":5,"cix":2,"bm":0,"ix":1,"mn":"ADBE Vector Group","hd":false}],"ip":0,"op":309,"st":0,"ct":1,"bm":0},{"ddd":0,"ind":2,"ty":0,"nm":"▽ button 2","refId":"comp_1","sr":1,"ks":{"o":{"a":0,"k":100,"ix":11},"r":{"a":0,"k":0,"ix":10},"p":{"a":0,"k":[318.046,1106.985,0],"ix":2,"l":2},"a":{"a":0,"k":[49,49,0],"ix":1,"l":2},"s":{"a":0,"k":[100,100,100],"ix":6,"l":2}},"ao":0,"w":98,"h":98,"ip":0,"op":300,"st":0,"ct":1,"bm":0},{"ddd":0,"ind":3,"ty":0,"nm":"▽ button 1","refId":"comp_2","sr":1,"ks":{"o":{"a":0,"k":100,"ix":11},"r":{"a":0,"k":0,"ix":10},"p":{"a":0,"k":[144.45,1068.753,0],"ix":2,"l":2},"a":{"a":0,"k":[87.5,87,0],"ix":1,"l":2},"s":{"a":0,"k":[100,100,100],"ix":6,"l":2}},"ao":0,"w":175,"h":174,"ip":0,"op":300,"st":0,"ct":1,"bm":0},{"ddd":0,"ind":4,"ty":0,"nm":"▽ Stick","refId":"comp_3","sr":1,"ks":{"o":{"a":0,"k":100,"ix":11},"r":{"a":1,"k":[{"i":{"x":[0.667],"y":[1]},"o":{"x":[0.333],"y":[0]},"t":0,"s":[-7.504]},{"i":{"x":[0.667],"y":[1]},"o":{"x":[0.333],"y":[0]},"t":30,"s":[-8.491]},{"i":{"x":[0.667],"y":[1]},"o":{"x":[0.333],"y":[0]},"t":60,"s":[-7.504]},{"i":{"x":[0.667],"y":[1]},"o":{"x":[0.333],"y":[0]},"t":90,"s":[-8.491]},{"i":{"x":[0.667],"y":[1]},"o":{"x":[0.333],"y":[0]},"t":120,"s":[-7.504]},{"i":{"x":[0.667],"y":[1]},"o":{"x":[0.333],"y":[0]},"t":150,"s":[-8.491]},{"i":{"x":[0.667],"y":[1]},"o":{"x":[0.333],"y":[0]},"t":180,"s":[-7.504]},{"i":{"x":[0.667],"y":[1]},"o":{"x":[0.333],"y":[0]},"t":210,"s":[-8.491]},{"i":{"x":[0.667],"y":[1]},"o":{"x":[0.333],"y":[0]},"t":240,"s":[-7.504]},{"i":{"x":[0.667],"y":[1]},"o":{"x":[0.333],"y":[0]},"t":269,"s":[-8.491]},{"i":{"x":[0.667],"y":[1]},"o":{"x":[0.333],"y":[0]},"t":299,"s":[-7.504]},{"i":{"x":[0.667],"y":[1]},"o":{"x":[0.333],"y":[0]},"t":300,"s":[-8.491]},{"t":330,"s":[-7.504]}],"ix":10},"p":{"a":0,"k":[-70.253,347.417,0],"ix":2,"l":2},"a":{"a":0,"k":[213.416,99.522,0],"ix":1,"l":2},"s":{"a":0,"k":[100,100,100],"ix":6,"l":2}},"ao":0,"w":912,"h":670,"ip":0,"op":300,"st":0,"ct":1,"bm":0},{"ddd":0,"ind":5,"ty":4,"nm":"BG 2","td":1,"sr":1,"ks":{"o":{"a":0,"k":100,"ix":11},"r":{"a":0,"k":0,"ix":10},"p":{"a":0,"k":[560,602,0],"ix":2,"l":2},"a":{"a":0,"k":[0,0,0],"ix":1,"l":2},"s":{"a":0,"k":[100,100,100],"ix":6,"l":2}},"ao":0,"shapes":[{"ty":"gr","it":[{"ty":"rc","d":1,"s":{"a":0,"k":[280,301],"ix":2},"p":{"a":0,"k":[0,0],"ix":3},"r":{"a":0,"k":12,"ix":4},"nm":"Rectangle Path 1","mn":"ADBE Vector Shape - Rect","hd":false},{"ty":"fl","c":{"a":0,"k":[1,0.854566395283,0.772759735584,1],"ix":4},"o":{"a":0,"k":100,"ix":5},"r":1,"bm":0,"nm":"Fill 1","mn":"ADBE Vector Graphic - Fill","hd":false},{"ty":"tr","p":{"a":0,"k":[0,0],"ix":2},"a":{"a":0,"k":[0,0],"ix":1},"s":{"a":0,"k":[400,400],"ix":3},"r":{"a":0,"k":0,"ix":6},"o":{"a":0,"k":100,"ix":7},"sk":{"a":0,"k":0,"ix":4},"sa":{"a":0,"k":0,"ix":5},"nm":"Transform"}],"nm":"play zMelody","np":2,"cix":2,"bm":0,"ix":1,"mn":"ADBE Vector Group","hd":false}],"ip":0,"op":311,"st":0,"ct":1,"bm":0},{"ddd":0,"ind":6,"ty":0,"nm":"▽ CD Player","tt":3,"tp":5,"refId":"comp_4","sr":1,"ks":{"o":{"a":0,"k":100,"ix":11},"r":{"a":1,"k":[{"i":{"x":[0.833],"y":[0.833]},"o":{"x":[0.167],"y":[0.167]},"t":0,"s":[0]},{"i":{"x":[0.833],"y":[0.833]},"o":{"x":[0.167],"y":[0.167]},"t":299,"s":[-360]},{"t":310,"s":[360]}],"ix":10},"p":{"a":1,"k":[{"i":{"x":0.833,"y":0.833},"o":{"x":0.167,"y":0.167},"t":0,"s":[717.978,391.056,0],"to":[0,0,0],"ti":[0,0,0]},{"i":{"x":0.833,"y":0.833},"o":{"x":0.167,"y":0.167},"t":60,"s":[717.978,403.056,0],"to":[0,0,0],"ti":[0,0,0]},{"i":{"x":0.833,"y":0.833},"o":{"x":0.167,"y":0.167},"t":120,"s":[717.978,391.056,0],"to":[0,0,0],"ti":[0,0,0]},{"i":{"x":0.833,"y":0.833},"o":{"x":0.167,"y":0.167},"t":180,"s":[713.978,391.056,0],"to":[0,0,0],"ti":[0,0,0]},{"t":240,"s":[717.978,391.056,0]}],"ix":2,"l":2},"a":{"a":0,"k":[627,627,0],"ix":1,"l":2},"s":{"a":0,"k":[100,100,100],"ix":6,"l":2}},"ao":0,"w":1254,"h":1254,"ip":0,"op":300,"st":0,"ct":1,"bm":0},{"ddd":0,"ind":7,"ty":4,"nm":"Stick shadow","parent":4,"sr":1,"ks":{"o":{"a":0,"k":60,"ix":11},"r":{"a":0,"k":0,"ix":10},"p":{"a":0,"k":[311.442,316.338,0],"ix":2,"l":2},"a":{"a":0,"k":[0,0,0],"ix":1,"l":2},"s":{"a":0,"k":[100,100,100],"ix":6,"l":2}},"ao":0,"shapes":[{"ty":"gr","it":[{"ind":0,"ty":"sh","ix":1,"ks":{"a":0,"k":{"i":[[-7.64,-1.43],[0,0],[0,0],[0,0],[4.05,3.52],[0,0],[0,0],[0,0]],"o":[[0,0],[0,0],[0,0],[-5.27,-0.99],[0,0],[0,0],[0,0],[5.87,5.09]],"v":[[18.075,36.845],[73.645,47.285],[76.145,33.965],[20.575,23.525],[6.325,16.635],[-67.255,-47.285],[-76.145,-37.055],[-2.565,26.865]],"c":true},"ix":2},"nm":"Path 1","mn":"ADBE Vector Shape - Group","hd":false},{"ty":"fl","c":{"a":0,"k":[0.290196090937,0.564705908298,0.556862771511,1],"ix":4},"o":{"a":0,"k":100,"ix":5},"r":1,"bm":0,"nm":"Fill 1","mn":"ADBE Vector Graphic - Fill","hd":false},{"ty":"tr","p":{"a":0,"k":[0,0],"ix":2},"a":{"a":0,"k":[0,0],"ix":1},"s":{"a":0,"k":[400,400],"ix":3},"r":{"a":0,"k":13.027,"ix":6},"o":{"a":0,"k":100,"ix":7},"sk":{"a":0,"k":0,"ix":4},"sa":{"a":0,"k":0,"ix":5},"nm":"Transform"}],"nm":"Stick shadow","np":2,"cix":2,"bm":0,"ix":1,"mn":"ADBE Vector Group","hd":false}],"ip":0,"op":311,"st":0,"ct":1,"bm":0},{"ddd":0,"ind":8,"ty":4,"nm":"BG","sr":1,"ks":{"o":{"a":0,"k":100,"ix":11},"r":{"a":0,"k":0,"ix":10},"p":{"a":0,"k":[560,602,0],"ix":2,"l":2},"a":{"a":0,"k":[0,0,0],"ix":1,"l":2},"s":{"a":0,"k":[100,100,100],"ix":6,"l":2}},"ao":0,"shapes":[{"ty":"gr","it":[{"ty":"rc","d":1,"s":{"a":0,"k":[280,301],"ix":2},"p":{"a":0,"k":[0,0],"ix":3},"r":{"a":0,"k":12,"ix":4},"nm":"Rectangle Path 1","mn":"ADBE Vector Shape - Rect","hd":false},{"ty":"fl","c":{"a":0,"k":[1,0.854566395283,0.772759735584,1],"ix":4},"o":{"a":0,"k":100,"ix":5},"r":1,"bm":0,"nm":"Fill 1","mn":"ADBE Vector Graphic - Fill","hd":false},{"ty":"tr","p":{"a":0,"k":[0,0],"ix":2},"a":{"a":0,"k":[0,0],"ix":1},"s":{"a":0,"k":[400,400],"ix":3},"r":{"a":0,"k":0,"ix":6},"o":{"a":0,"k":100,"ix":7},"sk":{"a":0,"k":0,"ix":4},"sa":{"a":0,"k":0,"ix":5},"nm":"Transform"}],"nm":"play zMelody","np":2,"cix":2,"bm":0,"ix":1,"mn":"ADBE Vector Group","hd":false}],"ip":0,"op":311,"st":0,"ct":1,"bm":0}]},{"id":"comp_1","nm":"▽ button 2","fr":60,"layers":[{"ddd":0,"ind":1,"ty":4,"nm":"Vector","sr":1,"ks":{"o":{"a":0,"k":100,"ix":11},"r":{"a":0,"k":0,"ix":10},"p":{"a":0,"k":[50.862,45.455,0],"ix":2,"l":2},"a":{"a":0,"k":[0,0,0],"ix":1,"l":2},"s":{"a":0,"k":[100,100,100],"ix":6,"l":2}},"ao":0,"shapes":[{"ty":"gr","it":[{"ind":0,"ty":"sh","ix":1,"ks":{"a":0,"k":{"i":[[-6.371,0],[0,6.276],[6.371,0],[0,-6.276]],"o":[[6.371,0],[0,-6.276],[-6.371,0],[0,6.276]],"v":[[0,11.364],[11.535,0],[0,-11.364],[-11.535,0]],"c":true},"ix":2},"nm":"Path 1","mn":"ADBE Vector Shape - Group","hd":false},{"ty":"fl","c":{"a":0,"k":[0.992649614811,0.756575286388,0.623783171177,1],"ix":4},"o":{"a":0,"k":100,"ix":5},"r":1,"bm":0,"nm":"Fill 1","mn":"ADBE Vector Graphic - Fill","hd":false},{"ty":"tr","p":{"a":0,"k":[0,0],"ix":2},"a":{"a":0,"k":[0,0],"ix":1},"s":{"a":0,"k":[400,400],"ix":3},"r":{"a":0,"k":0,"ix":6},"o":{"a":0,"k":100,"ix":7},"sk":{"a":0,"k":0,"ix":4},"sa":{"a":0,"k":0,"ix":5},"nm":"Transform"}],"nm":"Vector","np":2,"cix":2,"bm":0,"ix":1,"mn":"ADBE Vector Group","hd":false}],"ip":0,"op":307,"st":0,"ct":1,"bm":0},{"ddd":0,"ind":2,"ty":4,"nm":"Vector","sr":1,"ks":{"o":{"a":0,"k":100,"ix":11},"r":{"a":0,"k":0,"ix":10},"p":{"a":0,"k":[49.1,49.582,0],"ix":2,"l":2},"a":{"a":0,"k":[0,0,0],"ix":1,"l":2},"s":{"a":0,"k":[100,100,100],"ix":6,"l":2}},"ao":0,"shapes":[{"ty":"gr","it":[{"ind":0,"ty":"sh","ix":1,"ks":{"a":0,"k":{"i":[[-6.779,0],[0,6.679],[6.779,0],[0,-6.679]],"o":[[6.779,0],[0,-6.679],[-6.779,0],[0,6.679]],"v":[[0,12.093],[12.275,0],[0,-12.093],[-12.275,0]],"c":true},"ix":2},"nm":"Path 1","mn":"ADBE Vector Shape - Group","hd":false},{"ty":"fl","c":{"a":0,"k":[0.944089531898,0.629381000996,0.452357023954,1],"ix":4},"o":{"a":0,"k":100,"ix":5},"r":1,"bm":0,"nm":"Fill 1","mn":"ADBE Vector Graphic - Fill","hd":false},{"ty":"tr","p":{"a":0,"k":[0,0],"ix":2},"a":{"a":0,"k":[0,0],"ix":1},"s":{"a":0,"k":[400,400],"ix":3},"r":{"a":0,"k":0,"ix":6},"o":{"a":0,"k":100,"ix":7},"sk":{"a":0,"k":0,"ix":4},"sa":{"a":0,"k":0,"ix":5},"nm":"Transform"}],"nm":"Vector","np":2,"cix":2,"bm":0,"ix":1,"mn":"ADBE Vector Group","hd":false}],"ip":0,"op":307,"st":0,"ct":1,"bm":0}]},{"id":"comp_2","nm":"▽ button 1","fr":60,"layers":[{"ddd":0,"ind":1,"ty":4,"nm":"Vector","sr":1,"ks":{"o":{"a":0,"k":100,"ix":11},"r":{"a":0,"k":0,"ix":10},"p":{"a":0,"k":[90.552,80.943,0],"ix":2,"l":2},"a":{"a":0,"k":[0,0,0],"ix":1,"l":2},"s":{"a":0,"k":[100,100,100],"ix":6,"l":2}},"ao":0,"shapes":[{"ty":"gr","it":[{"ind":0,"ty":"sh","ix":1,"ks":{"a":0,"k":{"i":[[-11.344,0],[0,11.176],[11.344,0],[0,-11.176]],"o":[[11.344,0],[0,-11.176],[-11.344,0],[0,11.176]],"v":[[0,20.236],[20.541,0],[0,-20.236],[-20.541,0]],"c":true},"ix":2},"nm":"Path 1","mn":"ADBE Vector Shape - Group","hd":false},{"ty":"fl","c":{"a":0,"k":[0.992649614811,0.756575286388,0.623783171177,1],"ix":4},"o":{"a":0,"k":100,"ix":5},"r":1,"bm":0,"nm":"Fill 1","mn":"ADBE Vector Graphic - Fill","hd":false},{"ty":"tr","p":{"a":0,"k":[0,0],"ix":2},"a":{"a":0,"k":[0,0],"ix":1},"s":{"a":0,"k":[400,400],"ix":3},"r":{"a":0,"k":0,"ix":6},"o":{"a":0,"k":100,"ix":7},"sk":{"a":0,"k":0,"ix":4},"sa":{"a":0,"k":0,"ix":5},"nm":"Transform"}],"nm":"Vector","np":2,"cix":2,"bm":0,"ix":1,"mn":"ADBE Vector Group","hd":false}],"ip":0,"op":307,"st":0,"ct":1,"bm":0},{"ddd":0,"ind":2,"ty":4,"nm":"Vector","sr":1,"ks":{"o":{"a":0,"k":100,"ix":11},"r":{"a":0,"k":0,"ix":10},"p":{"a":0,"k":[87.45,88.277,0],"ix":2,"l":2},"a":{"a":0,"k":[0,0,0],"ix":1,"l":2},"s":{"a":0,"k":[100,100,100],"ix":6,"l":2}},"ao":0,"shapes":[{"ty":"gr","it":[{"ind":0,"ty":"sh","ix":1,"ks":{"a":0,"k":{"i":[[-12.074,0],[0,11.895],[12.074,0],[0,-11.895]],"o":[[12.074,0],[0,-11.895],[-12.074,0],[0,11.895]],"v":[[0,21.538],[21.862,0],[0,-21.538],[-21.862,0]],"c":true},"ix":2},"nm":"Path 1","mn":"ADBE Vector Shape - Group","hd":false},{"ty":"fl","c":{"a":0,"k":[0.944089531898,0.629381000996,0.452357023954,1],"ix":4},"o":{"a":0,"k":100,"ix":5},"r":1,"bm":0,"nm":"Fill 1","mn":"ADBE Vector Graphic - Fill","hd":false},{"ty":"tr","p":{"a":0,"k":[0,0],"ix":2},"a":{"a":0,"k":[0,0],"ix":1},"s":{"a":0,"k":[400,400],"ix":3},"r":{"a":0,"k":0,"ix":6},"o":{"a":0,"k":100,"ix":7},"sk":{"a":0,"k":0,"ix":4},"sa":{"a":0,"k":0,"ix":5},"nm":"Transform"}],"nm":"Vector","np":2,"cix":2,"bm":0,"ix":1,"mn":"ADBE Vector Group","hd":false}],"ip":0,"op":307,"st":0,"ct":1,"bm":0}]},{"id":"comp_3","nm":"▽ Stick","fr":60,"layers":[{"ddd":0,"ind":1,"ty":4,"nm":"Stick","sr":1,"ks":{"o":{"a":0,"k":100,"ix":11},"r":{"a":0,"k":0,"ix":10},"p":{"a":0,"k":[457.058,334.879,0],"ix":2,"l":2},"a":{"a":0,"k":[0,0,0],"ix":1,"l":2},"s":{"a":0,"k":[100,100,100],"ix":6,"l":2}},"ao":0,"shapes":[{"ty":"gr","it":[{"ind":0,"ty":"sh","ix":1,"ks":{"a":0,"k":{"i":[[-0.544,6.337],[0,0],[5.87,5.09],[0,0],[0,0],[0,0],[-5.27,-0.99],[0,0],[-3.655,-0.623],[0,0],[1.148,-6.729],[0,0],[6.729,1.148],[0,0],[0,0],[1.784,0.304],[0,0],[-0.304,1.784],[0,0],[0,0]],"o":[[0,0],[-7.64,-1.43],[0,0],[0,0],[0,0],[4.05,3.52],[0,0],[2.668,-2.168],[0,0],[6.729,1.148],[0,0],[-1.148,6.729],[0,0],[0,0],[-0.304,1.784],[0,0],[-1.784,-0.304],[0,0],[0,0],[-6.383,-1.089]],"v":[[43.892,31.629],[-8.052,21.871],[-28.692,11.891],[-102.272,-52.039],[-93.382,-62.269],[-19.802,1.651],[-5.552,8.541],[49.139,18.815],[59.015,16.221],[91.989,21.846],[102.095,36.108],[101.366,40.376],[87.104,50.482],[76.939,48.748],[75.098,59.541],[71.314,62.222],[70.18,62.029],[67.498,58.244],[69.339,47.452],[54.13,44.858]],"c":true},"ix":2},"nm":"Path 1","mn":"ADBE Vector Shape - Group","hd":false},{"ty":"fl","c":{"a":0,"k":[0.313725501299,0.72549021244,0.713725507259,1],"ix":4},"o":{"a":0,"k":100,"ix":5},"r":1,"bm":0,"nm":"Fill 1","mn":"ADBE Vector Graphic - Fill","hd":false},{"ty":"tr","p":{"a":0,"k":[0,0],"ix":2},"a":{"a":0,"k":[0,0],"ix":1},"s":{"a":0,"k":[400,400],"ix":3},"r":{"a":0,"k":13.027,"ix":6},"o":{"a":0,"k":100,"ix":7},"sk":{"a":0,"k":0,"ix":4},"sa":{"a":0,"k":0,"ix":5},"nm":"Transform"}],"nm":"Stick","np":2,"cix":2,"bm":0,"ix":1,"mn":"ADBE Vector Group","hd":false}],"ip":0,"op":307,"st":0,"ct":1,"bm":0},{"ddd":0,"ind":2,"ty":4,"nm":"Stick shade","sr":1,"ks":{"o":{"a":0,"k":100,"ix":11},"r":{"a":0,"k":0,"ix":10},"p":{"a":0,"k":[449.87,339,0],"ix":2,"l":2},"a":{"a":0,"k":[0,0,0],"ix":1,"l":2},"s":{"a":0,"k":[100,100,100],"ix":6,"l":2}},"ao":0,"shapes":[{"ty":"gr","it":[{"ind":0,"ty":"sh","ix":1,"ks":{"a":0,"k":{"i":[[-7.64,-1.44],[0,0],[-6.578,-1.122],[0,0],[-1.148,6.729],[0,0],[6.729,1.148],[0,0],[1.148,-6.729],[0,0],[0,0],[5.87,5.09],[0,0],[0,0],[0,0]],"o":[[0,0],[-0.874,6.56],[0,0],[6.729,1.148],[0,0],[1.148,-6.729],[0,0],[-6.729,-1.148],[0,0],[0,0],[-7.63,-1.43],[0,0],[0,0],[0,0],[5.87,5.09]],"v":[[-8.884,23.571],[44.797,33.658],[54.972,47.467],[87.946,53.091],[102.208,42.985],[102.936,38.717],[92.83,24.455],[59.857,18.83],[45.594,28.936],[45.376,30.216],[-6.544,20.461],[-27.174,10.481],[-100.554,-53.269],[-103.114,-50.329],[-29.524,13.591]],"c":true},"ix":2},"nm":"Path 1","mn":"ADBE Vector Shape - Group","hd":false},{"ty":"fl","c":{"a":0,"k":[0.290196090937,0.564705908298,0.556862771511,1],"ix":4},"o":{"a":0,"k":100,"ix":5},"r":1,"bm":0,"nm":"Fill 1","mn":"ADBE Vector Graphic - Fill","hd":false},{"ty":"tr","p":{"a":0,"k":[0,0],"ix":2},"a":{"a":0,"k":[0,0],"ix":1},"s":{"a":0,"k":[400,400],"ix":3},"r":{"a":0,"k":13.027,"ix":6},"o":{"a":0,"k":100,"ix":7},"sk":{"a":0,"k":0,"ix":4},"sa":{"a":0,"k":0,"ix":5},"nm":"Transform"}],"nm":"Stick shade","np":2,"cix":2,"bm":0,"ix":1,"mn":"ADBE Vector Group","hd":false}],"ip":0,"op":307,"st":0,"ct":1,"bm":0}]},{"id":"comp_4","nm":"▽ CD Player","fr":60,"layers":[{"ddd":0,"ind":1,"ty":4,"nm":"text","sr":1,"ks":{"o":{"a":0,"k":100,"ix":11},"r":{"a":0,"k":0,"ix":10},"p":{"a":0,"k":[627.245,620.398,0],"ix":2,"l":2},"a":{"a":0,"k":[0,0,0],"ix":1,"l":2},"s":{"a":0,"k":[100,100,100],"ix":6,"l":2}},"ao":0,"shapes":[{"ty":"gr","it":[{"ind":0,"ty":"sh","ix":1,"ks":{"a":0,"k":{"i":[[0,0],[0,0],[0,0],[0,0]],"o":[[0,0],[0,0],[0,0],[0,0]],"v":[[14.878,-62.006],[18.763,-58.189],[17.542,-56.78],[13.025,-59.837]],"c":true},"ix":2},"nm":"Path 1","mn":"ADBE Vector Shape - Group","hd":false},{"ind":1,"ty":"sh","ix":2,"ks":{"a":0,"k":{"i":[[0,0],[0,0],[0,0],[0,0],[0,0],[0,0],[0,0],[0,0],[0,0],[0,0],[0,0],[0,0]],"o":[[0,0],[0,0],[0,0],[0,0],[0,0],[0,0],[0,0],[0,0],[0,0],[0,0],[0,0],[0,0]],"v":[[-12.351,-46.884],[-11.172,-40.386],[-14.648,-39.754],[-17.568,-55.951],[-14.101,-56.583],[-12.914,-50.034],[-6.186,-51.247],[-7.364,-57.796],[-3.898,-58.428],[-0.969,-42.23],[-4.436,-41.598],[-5.614,-48.105]],"c":true},"ix":2},"nm":"Path 2","mn":"ADBE Vector Shape - Group","hd":false},{"ind":2,"ty":"sh","ix":3,"ks":{"a":0,"k":{"i":[[0,0],[0.307,-0.376],[0.418,-0.273],[0.666,-0.154],[0.632,0.12],[0.555,0.393],[0.435,0.649],[0.128,0.675],[-0.12,0.615],[-0.359,0.538],[-0.555,0.367],[-0.453,0.12],[-0.487,0],[-0.512,-0.12],[0,0],[0.751,-0.017],[0.743,-0.248],[0.657,-0.435],[0.632,-0.931],[0.222,-1.059],[-0.222,-1.084],[-0.666,-1.008],[-0.914,-0.64],[-1.042,-0.222],[-1.067,0.213],[-1.008,0.675],[-0.546,0.589],[-0.333,0.64],[-0.094,0.564],[0,0],[0.196,-0.427]],"o":[[-0.196,0.427],[-0.316,0.376],[-0.64,0.427],[-0.666,0.145],[-0.623,-0.12],[-0.564,-0.393],[-0.427,-0.64],[-0.128,-0.675],[0.12,-0.615],[0.359,-0.538],[0.418,-0.273],[0.453,-0.12],[0.495,0],[0,0],[-0.692,-0.222],[-0.751,0.017],[-0.751,0.248],[-1.008,0.666],[-0.632,0.922],[-0.222,1.059],[0.213,1.093],[0.683,1.033],[0.914,0.64],[1.042,0.222],[1.076,-0.213],[0.666,-0.444],[0.546,-0.589],[0.333,-0.64],[0,0],[-0.077,0.444],[0,0]],"v":[[-22.4,-40.215],[-23.16,-39.003],[-24.262,-38.021],[-26.217,-37.158],[-28.155,-37.116],[-29.931,-37.884],[-31.425,-39.447],[-32.262,-41.419],[-32.288,-43.349],[-31.579,-45.073],[-30.213,-46.431],[-28.906,-47.029],[-27.489,-47.208],[-25.986,-47.029],[-25.5,-50.29],[-27.668,-50.598],[-29.922,-50.213],[-32.031,-49.197],[-34.482,-46.807],[-35.754,-43.835],[-35.754,-40.616],[-34.431,-37.474],[-32.031,-34.964],[-29.094,-33.666],[-25.926,-33.649],[-22.81,-34.972],[-20.991,-36.526],[-19.668,-38.379],[-19.019,-40.189],[-21.99,-41.521],[-22.4,-40.206]],"c":true},"ix":2},"nm":"Path 3","mn":"ADBE Vector Shape - Group","hd":false},{"ind":3,"ty":"sh","ix":4,"ks":{"a":0,"k":{"i":[[1.144,0.47],[0.786,0.786],[0,0],[0.41,0.999],[0,1.119],[-0.461,1.119],[-0.487,0.623],[-0.615,0.435],[-0.692,0.205],[0,0],[0.41,-0.265],[0.307,-0.359],[0.188,-0.461],[0,-0.64],[-0.248,-0.581],[-0.487,-0.478],[-0.709,-0.29],[-0.683,-0.009],[-0.589,0.248],[-0.461,0.495],[-0.29,0.709],[-0.051,0.495],[0.077,0.461],[0.188,0.418],[0,0],[-0.077,-0.717],[0.12,-0.803],[0.307,-0.743],[0.777,-0.768],[0.99,-0.393],[1.119,0.026]],"o":[[-1.119,-0.461],[0,0],[-0.794,-0.786],[-0.418,-0.999],[0,-1.11],[0.299,-0.726],[0.487,-0.623],[0.623,-0.435],[0,0],[-0.487,0.188],[-0.41,0.265],[-0.307,0.359],[-0.256,0.623],[0.009,0.64],[0.248,0.581],[0.495,0.478],[0.726,0.299],[0.683,0.009],[0.589,-0.248],[0.461,-0.495],[0.188,-0.461],[0.051,-0.495],[-0.077,-0.47],[0,0],[0.239,0.521],[0.077,0.717],[-0.12,0.794],[-0.461,1.119],[-0.777,0.768],[-0.99,0.393],[-1.119,-0.026]],"v":[[-50.475,-11.492],[-53.335,-13.353],[-53.326,-13.336],[-55.128,-16.009],[-55.743,-19.185],[-55.051,-22.532],[-53.873,-24.556],[-52.217,-26.135],[-50.244,-27.092],[-48.827,-24.12],[-50.167,-23.429],[-51.243,-22.489],[-51.995,-21.26],[-52.37,-19.364],[-51.986,-17.537],[-50.885,-15.949],[-49.083,-14.788],[-46.974,-14.327],[-45.07,-14.685],[-43.49,-15.804],[-42.355,-17.614],[-41.996,-19.04],[-42.039,-20.474],[-42.432,-21.798],[-39.221,-22.361],[-38.743,-20.5],[-38.803,-18.22],[-39.435,-15.915],[-41.279,-13.072],[-43.917,-11.313],[-47.076,-10.749]],"c":true},"ix":2},"nm":"Path 4","mn":"ADBE Vector Shape - Group","hd":false},{"ind":4,"ty":"sh","ix":5,"ks":{"a":0,"k":{"i":[[0,0],[0,0],[0,0],[0,0],[0,0],[0,0],[0,0],[0,0],[0,0]],"o":[[0,0],[0,0],[0,0],[0,0],[0,0],[0,0],[0,0],[0,0],[0,0]],"v":[[-43.464,5.583],[-46.897,4.226],[-46.794,-2.093],[-43.319,-3.331],[-43.26,-6.951],[-59.824,-0.795],[-59.875,2.356],[-43.524,9.093],[-43.464,5.592]],"c":true},"ix":2},"nm":"Path 5","mn":"ADBE Vector Shape - Group","hd":false},{"ind":5,"ty":"sh","ix":6,"ks":{"a":0,"k":{"i":[[0,0],[0.401,0.128],[0,0],[0.375,0.128],[0,0],[-0.332,0.106],[0,0],[-0.363,0.118],[-0.206,0.069],[-0.079,0.026],[0,0],[0,0],[0,0],[0.3,0.116]],"o":[[-0.376,-0.145],[0,0],[-0.392,-0.128],[0,0],[0.314,-0.092],[0,0],[0.407,-0.125],[0.272,-0.089],[0.092,-0.031],[0,0],[0,0],[0,0],[-0.289,-0.103],[0,0]],"v":[[-53.301,1.707],[-54.462,1.289],[-54.463,1.288],[-55.623,0.904],[-55.428,0.847],[-54.462,0.554],[-54.361,0.523],[-53.207,0.161],[-52.489,-0.077],[-52.233,-0.163],[-49.629,-1.085],[-49.697,3.116],[-52.199,2.125],[-53.082,1.792]],"c":true},"ix":2},"nm":"Path 6","mn":"ADBE Vector Shape - Group","hd":false},{"ind":6,"ty":"sh","ix":7,"ks":{"a":0,"k":{"i":[[-0.324,0.359],[-0.581,-0.009],[-0.342,-0.376],[0.009,-0.64],[0.324,-0.359],[0.598,0.009],[0.342,0.376],[-0.009,0.64]],"o":[[0.324,-0.359],[0.546,0.009],[0.342,0.376],[-0.009,0.657],[-0.324,0.359],[-0.529,-0.009],[-0.342,-0.376],[0.009,-0.657]],"v":[[-41.449,-0.428],[-40.092,-0.949],[-38.76,-0.377],[-38.265,1.152],[-38.768,2.672],[-40.152,3.192],[-41.458,2.62],[-41.953,1.092]],"c":true},"ix":2},"nm":"Path 7","mn":"ADBE Vector Shape - Group","hd":false},{"ind":7,"ty":"sh","ix":8,"ks":{"a":0,"k":{"i":[[0,0],[0,0],[0,0],[0,0],[0,0],[0,0],[0,0],[0,0],[0,0],[0,0],[0,0],[0,0]],"o":[[0,0],[0,0],[0,0],[0,0],[0,0],[0,0],[0,0],[0,0],[0,0],[0,0],[0,0],[0,0]],"v":[[-38.726,21.551],[-44.822,24.104],[-47.461,17.795],[-41.373,15.242],[-42.73,11.988],[-57.912,18.35],[-56.554,21.603],[-50.415,19.033],[-47.768,25.342],[-53.907,27.912],[-52.541,31.166],[-37.36,24.805]],"c":true},"ix":2},"nm":"Path 8","mn":"ADBE Vector Shape - Group","hd":false},{"ind":8,"ty":"sh","ix":9,"ks":{"a":0,"k":{"i":[[0,0],[0.179,-0.213],[0.175,-0.213],[0,0],[0,0],[0,0],[0,0],[0,0],[0,0],[0.256,-0.342],[0.287,-0.377],[0,0],[0.154,-0.205],[0,0],[0,0],[0,0],[0,0],[0,0],[0,0],[-0.376,0.435],[-0.324,0.393],[-0.299,0.384],[-0.273,0.367],[-0.036,0.051],[-0.034,0.047],[0,0],[0,0],[0,0],[0,0],[0,0]],"o":[[-0.213,0.231],[-0.169,0.192],[0,0],[0,0],[0,0],[0,0],[0,0],[0,0],[-0.196,0.239],[-0.219,0.292],[0,0],[-0.136,0.179],[0,0],[0,0],[0,0],[0,0],[0,0],[0,0],[0.453,-0.495],[0.376,-0.435],[0.324,-0.393],[0.29,-0.376],[0.034,-0.047],[0.036,-0.051],[0,0],[0,0],[0,0],[0,0],[0,0],[0,0]],"v":[[-30.401,40.669],[-30.99,41.335],[-31.502,41.945],[-31.503,41.946],[-31.503,41.946],[-31.503,41.946],[-31.504,41.947],[-31.504,41.947],[-31.562,42.018],[-32.245,42.889],[-33.001,43.888],[-33.15,44.084],[-33.594,44.673],[-33.594,44.673],[-32.262,30.935],[-34.627,28.783],[-45.719,40.951],[-43.166,43.282],[-40.143,39.96],[-38.896,38.56],[-37.846,37.322],[-36.916,36.161],[-36.062,35.033],[-35.955,34.884],[-35.848,34.735],[-37.274,48.652],[-34.943,50.778],[-23.852,38.611],[-26.405,36.28],[-30.401,40.66]],"c":true},"ix":2},"nm":"Path 9","mn":"ADBE Vector Shape - Group","hd":false},{"ind":9,"ty":"sh","ix":10,"ks":{"a":0,"k":{"i":[[0,0],[0.35,-0.145],[0.427,0.111],[0.205,0.102],[0.069,0.034],[0.143,0.074],[0.307,0.128],[0.342,0.085],[1.093,-0.154],[0.931,-0.546],[0.657,-0.897],[0.316,-1.195],[-0.128,-1.11],[-0.546,-0.922],[-0.879,-0.675],[-1.161,-0.307],[-1.093,0.154],[-0.931,0.546],[-0.657,0.897],[-0.307,1.178],[0.034,0.888],[0.29,0.803],[0.359,0.521],[-0.248,0.077],[-0.359,0.35],[-0.248,0.504],[-0.154,0.615],[0,0],[0.256,-0.384]],"o":[[-0.256,0.384],[-0.35,0.145],[-0.231,-0.06],[-0.068,-0.034],[-0.14,-0.069],[-0.282,-0.154],[-0.307,-0.12],[-1.17,-0.307],[-1.093,0.154],[-0.931,0.546],[-0.657,0.897],[-0.307,1.187],[0.128,1.11],[0.546,0.931],[0.879,0.666],[1.187,0.307],[1.084,-0.154],[0.931,-0.546],[0.657,-0.897],[0.248,-0.939],[-0.034,-0.888],[-0.222,-0.615],[0.29,0],[0.504,-0.145],[0.35,-0.35],[0.256,-0.504],[0,0],[-0.171,0.64],[0,0]],"v":[[20.505,-56.054],[19.591,-55.26],[18.422,-55.217],[17.773,-55.465],[17.567,-55.567],[17.141,-55.781],[16.253,-56.199],[15.271,-56.515],[11.881,-56.746],[8.85,-55.704],[6.468,-53.544],[5.008,-50.402],[4.735,-46.961],[5.742,-43.904],[7.877,-41.505],[10.942,-40.045],[14.349,-39.805],[17.371,-40.856],[19.753,-43.024],[21.205,-46.141],[21.521,-48.882],[21.034,-51.418],[20.146,-53.1],[20.957,-53.219],[22.238,-53.962],[23.143,-55.243],[23.758,-56.908],[21.145,-57.599],[20.513,-56.063]],"c":true},"ix":2},"nm":"Path 10","mn":"ADBE Vector Shape - Group","hd":false},{"ind":10,"ty":"sh","ix":11,"ks":{"a":0,"k":{"i":[[0,0],[0.393,-0.546],[0.529,-0.333],[0.632,-0.102],[0.683,0.179],[0.495,0.401],[0.307,0.555],[0.06,0.666],[-0.196,0.734],[-0.376,0.546],[-0.546,0.333],[-0.623,0.102],[-0.666,-0.179],[-0.495,-0.393],[-0.29,-0.555],[-0.077,-0.666],[0.188,-0.726]],"o":[[-0.188,0.726],[-0.393,0.546],[-0.529,0.342],[-0.623,0.102],[-0.666,-0.179],[-0.495,-0.401],[-0.307,-0.555],[-0.06,-0.666],[0.188,-0.726],[0.376,-0.546],[0.538,-0.333],[0.623,-0.102],[0.683,0.179],[0.495,0.401],[0.29,0.555],[0.077,0.666],[0,0]],"v":[[17.738,-47.055],[16.859,-45.142],[15.476,-43.819],[13.742,-43.153],[11.779,-43.264],[10.037,-44.126],[8.833,-45.56],[8.278,-47.396],[8.474,-49.488],[9.328,-51.401],[10.711,-52.724],[12.462,-53.381],[14.4,-53.27],[16.167,-52.408],[17.346,-50.982],[17.901,-49.146],[17.73,-47.055]],"c":true},"ix":2},"nm":"Path 11","mn":"ADBE Vector Shape - Group","hd":false},{"ind":11,"ty":"sh","ix":12,"ks":{"a":0,"k":{"i":[[0,0],[0,0],[0,0],[0,0],[0,0],[0,0],[0,0],[0,0],[0,0],[0,0]],"o":[[0,0],[0,0],[0,0],[0,0],[0,0],[0,0],[0,0],[0,0],[0,0],[0,0]],"v":[[39.913,-23.012],[34.542,-29.458],[48.152,-30.209],[49.979,-31.721],[42.141,-41.138],[39.622,-39.047],[44.412,-33.3],[30.939,-32.609],[29.095,-31.072],[37.496,-20.988]],"c":true},"ix":2},"nm":"Path 12","mn":"ADBE Vector Shape - Group","hd":false},{"ind":12,"ty":"sh","ix":13,"ks":{"a":0,"k":{"i":[[1.469,-0.401],[0,0],[0,0],[0,0],[0,0],[0,0],[0,0],[0,0],[0,0],[0,0],[0,0],[0,0],[-1.11,0.231],[-0.392,0.068],[0,0],[0,0],[0,0],[0,0],[0,0],[0,0],[0,0],[0,0],[0,0],[0.117,-0.045],[0,0],[0,0],[0.205,-0.07]],"o":[[0,0],[0,0],[0,0],[0,0],[0,0],[0,0],[0,0],[0,0],[0,0],[0,0],[0,0],[1.366,-0.376],[0.392,-0.077],[0,0],[0,0],[0,0],[0,0],[0,0],[0,0],[0,0],[0,0],[0,0],[-0.119,0.044],[0,0],[0,0],[-0.203,0.077],[-1.05,0.359]],"v":[[45.975,-15.813],[40.527,-14.318],[40.527,-14.336],[39.614,-17.665],[55.487,-22.012],[56.34,-18.904],[49.894,-12.013],[58.97,-9.306],[59.781,-6.335],[43.909,-1.989],[42.995,-5.319],[48.442,-6.813],[52.148,-7.718],[53.325,-7.932],[53.325,-7.932],[53.326,-7.932],[53.326,-7.932],[53.326,-7.932],[53.326,-7.932],[53.326,-7.932],[46.052,-10.229],[45.642,-11.723],[50.714,-17.315],[50.36,-17.182],[50.359,-17.182],[50.359,-17.182],[49.749,-16.957]],"c":true},"ix":2},"nm":"Path 13","mn":"ADBE Vector Shape - Group","hd":false},{"ind":13,"ty":"sh","ix":14,"ks":{"a":0,"k":{"i":[[0,0],[0,0],[0,0],[0,0],[0,0],[0,0],[0,0],[0,0],[0,0],[0,0],[0,0],[0,0]],"o":[[0,0],[0,0],[0,0],[0,0],[0,0],[0,0],[0,0],[0,0],[0,0],[0,0],[0,0],[0,0]],"v":[[43.601,2.928],[41.91,14.088],[44.984,14.557],[46.154,6.813],[49.894,7.376],[48.92,13.84],[51.9,14.292],[52.874,7.829],[56.289,8.341],[55.145,15.923],[58.219,16.384],[59.875,5.387]],"c":true},"ix":2},"nm":"Path 14","mn":"ADBE Vector Shape - Group","hd":false},{"ind":14,"ty":"sh","ix":15,"ks":{"a":0,"k":{"i":[[0,0],[0,0],[0,0],[0,0],[0,0],[0,0]],"o":[[0,0],[0,0],[0,0],[0,0],[0,0],[0,0]],"v":[[37.761,29.422],[34.986,27.885],[40.305,18.279],[54.71,26.254],[52.993,29.345],[41.373,22.899]],"c":true},"ix":2},"nm":"Path 15","mn":"ADBE Vector Shape - Group","hd":false},{"ind":15,"ty":"sh","ix":16,"ks":{"a":0,"k":{"i":[[0.786,0.965],[0.973,0.546],[1.067,0.111],[1.059,-0.307],[0.948,-0.768],[0.512,-0.965],[0.102,-1.076],[-0.342,-1.059],[-0.768,-0.948],[-0.973,-0.546],[-1.076,-0.12],[-1.059,0.307],[-0.948,0.768],[-0.521,0.973],[-0.111,1.076],[0.342,1.059]],"o":[[-0.768,-0.948],[-0.973,-0.555],[-1.067,-0.111],[-1.059,0.316],[-0.939,0.76],[-0.512,0.965],[-0.102,1.076],[0.342,1.059],[0.768,0.948],[0.973,0.546],[1.076,0.111],[1.05,-0.307],[0.939,-0.76],[0.521,-0.973],[0.111,-1.067],[-0.342,-1.059]],"v":[[39.025,36.415],[36.403,34.169],[33.338,33.179],[30.145,33.486],[27.139,35.117],[24.962,37.713],[24.031,40.778],[24.381,43.98],[26.046,46.994],[28.659,49.231],[31.724,50.221],[34.918,49.931],[37.915,48.309],[40.1,45.705],[41.048,42.639],[40.707,39.446]],"c":true},"ix":2},"nm":"Path 16","mn":"ADBE Vector Shape - Group","hd":false},{"ind":16,"ty":"sh","ix":17,"ks":{"a":0,"k":{"i":[[0,0],[0.29,-0.564],[0.529,-0.435],[0.615,-0.162],[0.623,0.094],[0.589,0.324],[0.47,0.581],[0.205,0.64],[-0.034,0.623],[-0.29,0.572],[-0.546,0.444],[-0.615,0.171],[-0.632,-0.077],[-0.572,-0.35],[-0.478,-0.589],[-0.222,-0.632],[0.051,-0.632]],"o":[[-0.051,0.632],[-0.282,0.564],[-0.546,0.444],[-0.615,0.162],[-0.623,-0.094],[-0.581,-0.333],[-0.478,-0.581],[-0.205,-0.64],[0.034,-0.623],[0.29,-0.564],[0.538,-0.435],[0.615,-0.162],[0.632,0.085],[0.572,0.342],[0.478,0.581],[0.222,0.632],[0,0]],"v":[[37.539,42.409],[37.035,44.21],[35.806,45.713],[34.064,46.627],[32.211,46.738],[30.401,46.106],[28.813,44.731],[27.788,42.896],[27.532,41],[28.019,39.207],[29.265,37.687],[30.99,36.782],[32.86,36.654],[34.67,37.294],[36.241,38.686],[37.283,40.505],[37.539,42.4]],"c":true},"ix":2},"nm":"Path 17","mn":"ADBE Vector Shape - Group","hd":false},{"ind":17,"ty":"sh","ix":18,"ks":{"a":0,"k":{"i":[[-0.862,0.632],[-1.17,0.299],[0,0],[0,0],[0,0],[1.05,0.145],[0.871,0.529],[0.615,0.879],[0.299,1.187],[-0.12,1.076],[-0.504,0.879]],"o":[[0.862,-0.632],[0,0],[0,0],[0,0],[-1.17,0.29],[-1.05,-0.145],[-0.871,-0.529],[-0.615,-0.879],[-0.299,-1.17],[0.111,-1.076],[0.504,-0.879]],"v":[[7.663,45.056],[10.711,43.664],[17.251,42.008],[21.29,57.966],[14.75,59.623],[11.42,59.845],[8.542,58.829],[6.322,56.711],[4.956,53.612],[4.683,50.248],[5.614,47.319]],"c":true},"ix":2},"nm":"Path 18","mn":"ADBE Vector Shape - Group","hd":false},{"ind":18,"ty":"sh","ix":19,"ks":{"a":0,"k":{"i":[[-0.606,-0.094],[-0.683,0.171],[0,0],[0,0],[0,0],[0,0],[0.487,-0.376],[0.282,-0.512],[0.043,-0.657],[-0.196,-0.743],[-0.35,-0.546],[-0.495,-0.324]],"o":[[0.606,0.102],[0,0],[0,0],[0,0],[0,0],[-0.683,0.171],[-0.487,0.367],[-0.282,0.512],[-0.051,0.657],[0.196,0.743],[0.35,0.546],[0.495,0.333]],"v":[[12.146,56.626],[14.084,56.515],[14.084,56.523],[17.089,55.763],[14.605,45.961],[11.599,46.721],[9.84,47.541],[8.688,48.873],[8.201,50.632],[8.414,52.732],[9.225,54.67],[10.489,55.985]],"c":true},"ix":2},"nm":"Path 19","mn":"ADBE Vector Shape - Group","hd":false},{"ind":19,"ty":"sh","ix":20,"ks":{"a":0,"k":{"i":[[0,0],[0,0],[0,0],[0,0],[0,0],[0,0],[0,0],[0,0],[0,0]],"o":[[0,0],[0,0],[0,0],[0,0],[0,0],[0,0],[0,0],[0,0],[0,0]],"v":[[-4.282,44.835],[-7.8,44.365],[-8.764,51.632],[-15.937,59.888],[-12.043,60.409],[-7.432,54.91],[-4.043,61.468],[-0.013,62.006],[-5.238,52.058]],"c":true},"ix":2},"nm":"Path 20","mn":"ADBE Vector Shape - Group","hd":false},{"ty":"mm","mm":1,"nm":"Merge Paths 1","mn":"ADBE Vector Filter - Merge","hd":false},{"ty":"fl","c":{"a":0,"k":[0.137254908681,0.121568627656,0.1254902035,1],"ix":4},"o":{"a":0,"k":100,"ix":5},"r":1,"bm":0,"nm":"Fill 1","mn":"ADBE Vector Graphic - Fill","hd":false},{"ty":"tr","p":{"a":0,"k":[0,0],"ix":2},"a":{"a":0,"k":[0,0],"ix":1},"s":{"a":0,"k":[400,400],"ix":3},"r":{"a":0,"k":0,"ix":6},"o":{"a":0,"k":100,"ix":7},"sk":{"a":0,"k":0,"ix":4},"sa":{"a":0,"k":0,"ix":5},"nm":"Transform"}],"nm":"text","np":22,"cix":2,"bm":0,"ix":1,"mn":"ADBE Vector Group","hd":false}],"ip":0,"op":307,"st":0,"ct":1,"bm":0},{"ddd":0,"ind":2,"ty":4,"nm":"Vector","sr":1,"ks":{"o":{"a":0,"k":100,"ix":11},"r":{"a":0,"k":0,"ix":10},"p":{"a":0,"k":[627.057,627.053,0],"ix":2,"l":2},"a":{"a":0,"k":[0,0,0],"ix":1,"l":2},"s":{"a":0,"k":[100,100,100],"ix":6,"l":2}},"ao":0,"shapes":[{"ty":"gr","it":[{"ind":0,"ty":"sh","ix":1,"ks":{"a":0,"k":{"i":[[-6.418,0],[0,6.418],[6.418,0],[0,-6.418]],"o":[[6.418,0],[0,-6.418],[-6.418,0],[0,6.418]],"v":[[0,11.621],[11.621,0],[0,-11.621],[-11.621,0]],"c":true},"ix":2},"nm":"Path 1","mn":"ADBE Vector Shape - Group","hd":false},{"ty":"fl","c":{"a":0,"k":[1,1,1,1],"ix":4},"o":{"a":0,"k":100,"ix":5},"r":1,"bm":0,"nm":"Fill 1","mn":"ADBE Vector Graphic - Fill","hd":false},{"ty":"tr","p":{"a":0,"k":[0,0],"ix":2},"a":{"a":0,"k":[0,0],"ix":1},"s":{"a":0,"k":[400,400],"ix":3},"r":{"a":0,"k":0,"ix":6},"o":{"a":0,"k":100,"ix":7},"sk":{"a":0,"k":0,"ix":4},"sa":{"a":0,"k":0,"ix":5},"nm":"Transform"}],"nm":"Vector","np":2,"cix":2,"bm":0,"ix":1,"mn":"ADBE Vector Group","hd":false}],"ip":0,"op":307,"st":0,"ct":1,"bm":0},{"ddd":0,"ind":3,"ty":4,"nm":"Vector","sr":1,"ks":{"o":{"a":0,"k":100,"ix":11},"r":{"a":0,"k":0,"ix":10},"p":{"a":0,"k":[627.056,627.057,0],"ix":2,"l":2},"a":{"a":0,"k":[0,0,0],"ix":1,"l":2},"s":{"a":0,"k":[100,100,100],"ix":6,"l":2}},"ao":0,"shapes":[{"ty":"gr","it":[{"ind":0,"ty":"sh","ix":1,"ks":{"a":0,"k":{"i":[[-47.396,0],[0,47.396],[47.396,0],[0,-47.396]],"o":[[47.396,0],[0,-47.396],[-47.396,0],[0,47.396]],"v":[[0,85.819],[85.819,0],[0,-85.819],[-85.819,0]],"c":true},"ix":2},"nm":"Path 1","mn":"ADBE Vector Shape - Group","hd":false},{"ty":"fl","c":{"a":0,"k":[0.949019610882,0.501960813999,0.376470595598,1],"ix":4},"o":{"a":0,"k":100,"ix":5},"r":1,"bm":0,"nm":"Fill 1","mn":"ADBE Vector Graphic - Fill","hd":false},{"ty":"tr","p":{"a":0,"k":[0,0],"ix":2},"a":{"a":0,"k":[0,0],"ix":1},"s":{"a":0,"k":[400,400],"ix":3},"r":{"a":0,"k":0,"ix":6},"o":{"a":0,"k":100,"ix":7},"sk":{"a":0,"k":0,"ix":4},"sa":{"a":0,"k":0,"ix":5},"nm":"Transform"}],"nm":"Vector","np":2,"cix":2,"bm":0,"ix":1,"mn":"ADBE Vector Group","hd":false}],"ip":0,"op":307,"st":0,"ct":1,"bm":0},{"ddd":0,"ind":4,"ty":4,"nm":"Union","sr":1,"ks":{"o":{"a":0,"k":15,"ix":11},"r":{"a":0,"k":0,"ix":10},"p":{"a":0,"k":[627.057,627.057,0],"ix":2,"l":2},"a":{"a":0,"k":[0,0,0],"ix":1,"l":2},"s":{"a":0,"k":[100,100,100],"ix":6,"l":2}},"ao":0,"shapes":[{"ty":"gr","it":[{"ind":0,"ty":"sh","ix":1,"ks":{"a":0,"k":{"i":[[75.517,0],[0,-75.517],[-75.517,0],[0,75.517]],"o":[[-75.517,0],[0,75.517],[75.517,0],[0,-75.517]],"v":[[0,-136.735],[-136.735,0],[0,136.735],[136.735,0]],"c":true},"ix":2},"nm":"Path 1","mn":"ADBE Vector Shape - Group","hd":false},{"ind":1,"ty":"sh","ix":2,"ks":{"a":0,"k":{"i":[[0,78.278],[-78.278,0],[0,-78.278],[78.278,0]],"o":[[0,-78.278],[78.278,0],[0,78.278],[-78.278,0]],"v":[[-141.735,0],[0,-141.735],[141.735,0],[0,141.735]],"c":true},"ix":2},"nm":"Path 2","mn":"ADBE Vector Shape - Group","hd":false},{"ind":2,"ty":"sh","ix":3,"ks":{"a":0,"k":{"i":[[68.245,0],[0,-68.245],[-68.245,0],[0,68.245]],"o":[[-68.245,0],[0,68.245],[68.245,0],[0,-68.245]],"v":[[0,-123.356],[-123.569,0.213],[0,123.781],[123.569,0.213]],"c":true},"ix":2},"nm":"Path 3","mn":"ADBE Vector Shape - Group","hd":false},{"ind":3,"ty":"sh","ix":4,"ks":{"a":0,"k":{"i":[[0,71.007],[-71.007,0],[0,-71.007],[71.007,0]],"o":[[0,-71.007],[71.007,0],[0,71.007],[-71.007,0]],"v":[[-128.569,0.213],[0,-128.356],[128.569,0.213],[0,128.781]],"c":true},"ix":2},"nm":"Path 4","mn":"ADBE Vector Shape - Group","hd":false},{"ind":4,"ty":"sh","ix":5,"ks":{"a":0,"k":{"i":[[0,60.969],[-60.969,0],[0,-60.969],[60.969,0]],"o":[[0,-60.969],[60.969,0],[0,60.969],[-60.969,0]],"v":[[-110.394,0.435],[0,-109.959],[110.394,0.435],[0,110.829]],"c":true},"ix":2},"nm":"Path 5","mn":"ADBE Vector Shape - Group","hd":false},{"ind":5,"ty":"sh","ix":6,"ks":{"a":0,"k":{"i":[[63.73,0],[0,-63.73],[-63.73,0],[0,63.73]],"o":[[-63.73,0],[0,63.73],[63.73,0],[0,-63.73]],"v":[[0,-114.959],[-115.394,0.435],[0,115.829],[115.394,0.435]],"c":true},"ix":2},"nm":"Path 6","mn":"ADBE Vector Shape - Group","hd":false},{"ind":6,"ty":"sh","ix":7,"ks":{"a":0,"k":{"i":[[53.697,0],[0,-53.697],[-53.697,0],[0,53.697]],"o":[[-53.697,0],[0,53.697],[53.697,0],[0,-53.697]],"v":[[0,-96.579],[-97.228,0.649],[0,97.877],[97.228,0.649]],"c":true},"ix":2},"nm":"Path 7","mn":"ADBE Vector Shape - Group","hd":false},{"ind":7,"ty":"sh","ix":8,"ks":{"a":0,"k":{"i":[[0,56.459],[-56.459,0],[0,-56.459],[56.459,0]],"o":[[0,-56.459],[56.459,0],[0,56.459],[-56.459,0]],"v":[[-102.228,0.649],[0,-101.579],[102.228,0.649],[0,102.877]],"c":true},"ix":2},"nm":"Path 8","mn":"ADBE Vector Shape - Group","hd":false},{"ty":"mm","mm":1,"nm":"Merge Paths 1","mn":"ADBE Vector Filter - Merge","hd":false},{"ty":"fl","c":{"a":0,"k":[1,1,1,1],"ix":4},"o":{"a":0,"k":100,"ix":5},"r":1,"bm":0,"nm":"Fill 1","mn":"ADBE Vector Graphic - Fill","hd":false},{"ty":"tr","p":{"a":0,"k":[0,0],"ix":2},"a":{"a":0,"k":[0,0],"ix":1},"s":{"a":0,"k":[400,400],"ix":3},"r":{"a":0,"k":0,"ix":6},"o":{"a":0,"k":100,"ix":7},"sk":{"a":0,"k":0,"ix":4},"sa":{"a":0,"k":0,"ix":5},"nm":"Transform"}],"nm":"Union","np":10,"cix":2,"bm":0,"ix":1,"mn":"ADBE Vector Group","hd":false}],"ip":0,"op":307,"st":0,"ct":1,"bm":0},{"ddd":0,"ind":5,"ty":4,"nm":"Union","sr":1,"ks":{"o":{"a":0,"k":100,"ix":11},"r":{"a":0,"k":0,"ix":10},"p":{"a":0,"k":[625.078,628,0],"ix":2,"l":2},"a":{"a":0,"k":[0,0,0],"ix":1,"l":2},"s":{"a":0,"k":[100,100,100],"ix":6,"l":2}},"ao":0,"shapes":[{"ty":"gr","it":[{"ind":0,"ty":"sh","ix":1,"ks":{"a":0,"k":{"i":[[-2.297,-4.326],[0,0],[0,0],[-1.659,4.572],[-28.726,17.715]],"o":[[0,0],[0,0],[-4.649,-1.421],[11.696,-32.169],[4.175,-2.578]],"v":[[-66.771,-125.478],[0.435,0.985],[-135.982,-40.774],[-141.488,-51.795],[-78.731,-128.738]],"c":true},"ix":2},"nm":"Path 1","mn":"ADBE Vector Shape - Group","hd":false},{"ind":1,"ty":"sh","ix":2,"ks":{"a":0,"k":{"i":[[0,0],[28.516,-17.241],[2.288,4.299],[0,0],[0,0],[1.759,-4.59]],"o":[[-12.07,31.495],[-4.175,2.523],[0,0],[0,0],[4.704,1.439],[0,0]],"v":[[141.428,53.629],[78.498,128.778],[66.601,125.481],[0.444,0.994],[135.977,42.481],[141.437,53.629]],"c":true},"ix":2},"nm":"Path 2","mn":"ADBE Vector Shape - Group","hd":false},{"ty":"mm","mm":1,"nm":"Merge Paths 1","mn":"ADBE Vector Filter - Merge","hd":false},{"ty":"fl","c":{"a":0,"k":[0.168627455831,0.188235297799,0.188235297799,1],"ix":4},"o":{"a":0,"k":100,"ix":5},"r":1,"bm":0,"nm":"Fill 1","mn":"ADBE Vector Graphic - Fill","hd":false},{"ty":"tr","p":{"a":0,"k":[0,0],"ix":2},"a":{"a":0,"k":[0,0],"ix":1},"s":{"a":0,"k":[400,400],"ix":3},"r":{"a":0,"k":0,"ix":6},"o":{"a":0,"k":100,"ix":7},"sk":{"a":0,"k":0,"ix":4},"sa":{"a":0,"k":0,"ix":5},"nm":"Transform"}],"nm":"Union","np":4,"cix":2,"bm":0,"ix":1,"mn":"ADBE Vector Group","hd":false}],"ip":0,"op":307,"st":0,"ct":1,"bm":0},{"ddd":0,"ind":6,"ty":4,"nm":"Vector","sr":1,"ks":{"o":{"a":0,"k":100,"ix":11},"r":{"a":0,"k":0,"ix":10},"p":{"a":0,"k":[627.056,627.056,0],"ix":2,"l":2},"a":{"a":0,"k":[0,0,0],"ix":1,"l":2},"s":{"a":0,"k":[100,100,100],"ix":6,"l":2}},"ao":0,"shapes":[{"ty":"gr","it":[{"ind":0,"ty":"sh","ix":1,"ks":{"a":0,"k":{"i":[[-86.578,0],[0,86.578],[86.578,0],[0,-86.578]],"o":[[86.578,0],[0,-86.578],[-86.578,0],[0,86.578]],"v":[[0,156.764],[156.764,0],[0,-156.764],[-156.764,0]],"c":true},"ix":2},"nm":"Path 1","mn":"ADBE Vector Shape - Group","hd":false},{"ty":"fl","c":{"a":0,"k":[0.082352943718,0.105882354081,0.105882354081,1],"ix":4},"o":{"a":0,"k":100,"ix":5},"r":1,"bm":0,"nm":"Fill 1","mn":"ADBE Vector Graphic - Fill","hd":false},{"ty":"tr","p":{"a":0,"k":[0,0],"ix":2},"a":{"a":0,"k":[0,0],"ix":1},"s":{"a":0,"k":[400,400],"ix":3},"r":{"a":0,"k":0,"ix":6},"o":{"a":0,"k":100,"ix":7},"sk":{"a":0,"k":0,"ix":4},"sa":{"a":0,"k":0,"ix":5},"nm":"Transform"}],"nm":"Vector","np":2,"cix":2,"bm":0,"ix":1,"mn":"ADBE Vector Group","hd":false}],"ip":0,"op":307,"st":0,"ct":1,"bm":0}]}],"layers":[{"ddd":0,"ind":1,"ty":4,"nm":"Vector 5","sr":1,"ks":{"o":{"a":1,"k":[{"i":{"x":[0.667],"y":[0.634]},"o":{"x":[0.333],"y":[0]},"t":177,"s":[0]},{"i":{"x":[0.667],"y":[1]},"o":{"x":[0.333],"y":[-1.109]},"t":207,"s":[100]},{"t":298,"s":[0]}],"ix":11},"r":{"a":1,"k":[{"i":{"x":[0.667],"y":[1]},"o":{"x":[0.333],"y":[0]},"t":177,"s":[0]},{"t":227,"s":[13]}],"ix":10},"p":{"s":true,"x":{"a":1,"k":[{"i":{"x":[0.8],"y":[0.475]},"o":{"x":[0.481],"y":[0.65]},"t":177,"s":[720]},{"t":298,"s":[1176.585]}],"ix":3},"y":{"a":1,"k":[{"i":{"x":[0.504],"y":[0.39]},"o":{"x":[0.34],"y":[0.006]},"t":177,"s":[760.354]},{"t":298,"s":[318.763]}],"ix":4}},"a":{"a":0,"k":[0,0,0],"ix":1,"l":2},"s":{"a":1,"k":[{"i":{"x":[0.667,0.667,0.667],"y":[1,1,1]},"o":{"x":[0.333,0.333,0.333],"y":[0,0,0]},"t":177,"s":[0,0,100]},{"i":{"x":[0.667,0.667,0.667],"y":[1,1,1]},"o":{"x":[0.333,0.333,0.333],"y":[0,0,0]},"t":218,"s":[120,120,100]},{"t":298,"s":[30,30,100]}],"ix":6,"l":2}},"ao":0,"shapes":[{"ty":"gr","it":[{"ind":0,"ty":"sh","ix":1,"ks":{"a":0,"k":{"i":[[0,0],[-3.535,-5.996],[0,0],[3.178,-1.113],[0,0],[-8.262,-10.199],[0,0]],"o":[[0,0],[2.27,-2.9],[-4.492,-7.882],[0,0],[-14.67,-8.725],[8.262,10.199],[0,0]],"v":[[2.136,-11.734],[11.328,-2.927],[15.821,-8.561],[-6.793,-23.669],[0.909,0.753],[-12.245,12.713],[11.328,23.77]],"c":true},"ix":2},"nm":"Path 1","mn":"ADBE Vector Shape - Group","hd":false},{"ty":"fl","c":{"a":0,"k":[1,1,1,1],"ix":4},"o":{"a":0,"k":100,"ix":5},"r":1,"bm":0,"nm":"Fill 1","mn":"ADBE Vector Graphic - Fill","hd":false},{"ty":"tr","p":{"a":0,"k":[0,0],"ix":2},"a":{"a":0,"k":[0,0],"ix":1},"s":{"a":0,"k":[400,400],"ix":3},"r":{"a":0,"k":22.357,"ix":6},"o":{"a":0,"k":100,"ix":7},"sk":{"a":0,"k":0,"ix":4},"sa":{"a":0,"k":0,"ix":5},"nm":"Transform"}],"nm":"Vector","np":2,"cix":2,"bm":0,"ix":1,"mn":"ADBE Vector Group","hd":false}],"ip":177,"op":311,"st":177,"ct":1,"bm":0},{"ddd":0,"ind":2,"ty":4,"nm":"Vector 4","sr":1,"ks":{"o":{"a":1,"k":[{"i":{"x":[0.667],"y":[1]},"o":{"x":[0.333],"y":[0]},"t":137,"s":[0]},{"i":{"x":[0.667],"y":[1]},"o":{"x":[0.333],"y":[0]},"t":197,"s":[100]},{"t":257,"s":[0]}],"ix":11},"r":{"a":0,"k":0,"ix":10},"p":{"s":true,"x":{"a":1,"k":[{"i":{"x":[0.765],"y":[0.564]},"o":{"x":[0.427],"y":[0.756]},"t":137,"s":[720]},{"t":257,"s":[1280.585]}],"ix":3},"y":{"a":1,"k":[{"i":{"x":[0.659],"y":[0.647]},"o":{"x":[0.223],"y":[-0.093]},"t":137,"s":[796.354]},{"t":257,"s":[470.763]}],"ix":4}},"a":{"a":0,"k":[0,0,0],"ix":1,"l":2},"s":{"a":1,"k":[{"i":{"x":[0.667,0.667,0.667],"y":[1,1,1]},"o":{"x":[0.333,0.333,0.333],"y":[0,0,0]},"t":137,"s":[0,0,100]},{"i":{"x":[0.667,0.667,0.667],"y":[1,1,1]},"o":{"x":[0.333,0.333,0.333],"y":[0,0,0]},"t":197,"s":[100,100,100]},{"t":257,"s":[30,30,100]}],"ix":6,"l":2}},"ao":0,"shapes":[{"ty":"gr","it":[{"ind":0,"ty":"sh","ix":1,"ks":{"a":0,"k":{"i":[[0,0],[-3.535,-5.996],[0,0],[3.178,-1.113],[0,0],[-8.262,-10.199],[0,0]],"o":[[0,0],[2.27,-2.9],[-4.492,-7.882],[0,0],[-14.67,-8.725],[8.262,10.199],[0,0]],"v":[[2.136,-11.734],[11.328,-2.927],[15.821,-8.561],[-6.793,-23.669],[0.909,0.753],[-12.245,12.713],[11.328,23.77]],"c":true},"ix":2},"nm":"Path 1","mn":"ADBE Vector Shape - Group","hd":false},{"ty":"fl","c":{"a":0,"k":[1,0.948063313961,0.818596839905,1],"ix":4},"o":{"a":0,"k":100,"ix":5},"r":1,"bm":0,"nm":"Fill 1","mn":"ADBE Vector Graphic - Fill","hd":false},{"ty":"tr","p":{"a":0,"k":[0,0],"ix":2},"a":{"a":0,"k":[0,0],"ix":1},"s":{"a":0,"k":[400,400],"ix":3},"r":{"a":0,"k":22.357,"ix":6},"o":{"a":0,"k":100,"ix":7},"sk":{"a":0,"k":0,"ix":4},"sa":{"a":0,"k":0,"ix":5},"nm":"Transform"}],"nm":"Vector","np":2,"cix":2,"bm":0,"ix":1,"mn":"ADBE Vector Group","hd":false}],"ip":137,"op":258,"st":137,"ct":1,"bm":0},{"ddd":0,"ind":3,"ty":4,"nm":"Vector 3","sr":1,"ks":{"o":{"a":1,"k":[{"i":{"x":[0.667],"y":[1]},"o":{"x":[0.333],"y":[0]},"t":90,"s":[0]},{"i":{"x":[0.667],"y":[1]},"o":{"x":[0.333],"y":[0]},"t":150,"s":[100]},{"t":210,"s":[0]}],"ix":11},"r":{"a":1,"k":[{"i":{"x":[0.667],"y":[1]},"o":{"x":[0.333],"y":[0]},"t":90,"s":[-12]},{"t":150,"s":[-16]}],"ix":10},"p":{"s":true,"x":{"a":1,"k":[{"i":{"x":[0.765],"y":[0.564]},"o":{"x":[0.427],"y":[0.756]},"t":90,"s":[720]},{"t":210,"s":[1280.585]}],"ix":3},"y":{"a":1,"k":[{"i":{"x":[0.659],"y":[0.647]},"o":{"x":[0.223],"y":[-0.093]},"t":90,"s":[796.354]},{"t":210,"s":[470.763]}],"ix":4}},"a":{"a":0,"k":[0,0,0],"ix":1,"l":2},"s":{"a":1,"k":[{"i":{"x":[0.667,0.667,0.667],"y":[1,1,1]},"o":{"x":[0.333,0.333,0.333],"y":[0,0,0]},"t":90,"s":[0,0,100]},{"i":{"x":[0.667,0.667,0.667],"y":[1,1,1]},"o":{"x":[0.333,0.333,0.333],"y":[0,0,0]},"t":150,"s":[100,100,100]},{"t":210,"s":[30,30,100]}],"ix":6,"l":2}},"ao":0,"shapes":[{"ty":"gr","it":[{"ind":0,"ty":"sh","ix":1,"ks":{"a":0,"k":{"i":[[0,0],[-3.535,-5.996],[0,0],[3.178,-1.113],[0,0],[-8.262,-10.199],[0,0]],"o":[[0,0],[2.27,-2.9],[-4.492,-7.882],[0,0],[-14.67,-8.725],[8.262,10.199],[0,0]],"v":[[2.136,-11.734],[11.328,-2.927],[15.821,-8.561],[-6.793,-23.669],[0.909,0.753],[-12.245,12.713],[11.328,23.77]],"c":true},"ix":2},"nm":"Path 1","mn":"ADBE Vector Shape - Group","hd":false},{"ty":"fl","c":{"a":0,"k":[1,1,1,1],"ix":4},"o":{"a":0,"k":100,"ix":5},"r":1,"bm":0,"nm":"Fill 1","mn":"ADBE Vector Graphic - Fill","hd":false},{"ty":"tr","p":{"a":0,"k":[0,0],"ix":2},"a":{"a":0,"k":[0,0],"ix":1},"s":{"a":0,"k":[400,400],"ix":3},"r":{"a":0,"k":22.357,"ix":6},"o":{"a":0,"k":100,"ix":7},"sk":{"a":0,"k":0,"ix":4},"sa":{"a":0,"k":0,"ix":5},"nm":"Transform"}],"nm":"Vector","np":2,"cix":2,"bm":0,"ix":1,"mn":"ADBE Vector Group","hd":false}],"ip":90,"op":211,"st":90,"ct":1,"bm":0},{"ddd":0,"ind":4,"ty":4,"nm":"Vector 2","sr":1,"ks":{"o":{"a":1,"k":[{"i":{"x":[0.667],"y":[0.634]},"o":{"x":[0.333],"y":[0]},"t":40,"s":[0]},{"i":{"x":[0.667],"y":[1]},"o":{"x":[0.333],"y":[-1.109]},"t":70,"s":[100]},{"t":161,"s":[0]}],"ix":11},"r":{"a":1,"k":[{"i":{"x":[0.667],"y":[1]},"o":{"x":[0.333],"y":[0]},"t":40,"s":[0]},{"t":90,"s":[13]}],"ix":10},"p":{"s":true,"x":{"a":1,"k":[{"i":{"x":[0.8],"y":[0.475]},"o":{"x":[0.481],"y":[0.65]},"t":40,"s":[720]},{"t":161,"s":[1176.585]}],"ix":3},"y":{"a":1,"k":[{"i":{"x":[0.504],"y":[0.39]},"o":{"x":[0.34],"y":[0.006]},"t":40,"s":[760.354]},{"t":161,"s":[318.763]}],"ix":4}},"a":{"a":0,"k":[0,0,0],"ix":1,"l":2},"s":{"a":1,"k":[{"i":{"x":[0.667,0.667,0.667],"y":[1,1,1]},"o":{"x":[0.333,0.333,0.333],"y":[0,0,0]},"t":40,"s":[0,0,100]},{"i":{"x":[0.667,0.667,0.667],"y":[1,1,1]},"o":{"x":[0.333,0.333,0.333],"y":[0,0,0]},"t":81,"s":[120,120,100]},{"t":161,"s":[30,30,100]}],"ix":6,"l":2}},"ao":0,"shapes":[{"ty":"gr","it":[{"ind":0,"ty":"sh","ix":1,"ks":{"a":0,"k":{"i":[[0,0],[-3.535,-5.996],[0,0],[3.178,-1.113],[0,0],[-8.262,-10.199],[0,0]],"o":[[0,0],[2.27,-2.9],[-4.492,-7.882],[0,0],[-14.67,-8.725],[8.262,10.199],[0,0]],"v":[[2.136,-11.734],[11.328,-2.927],[15.821,-8.561],[-6.793,-23.669],[0.909,0.753],[-12.245,12.713],[11.328,23.77]],"c":true},"ix":2},"nm":"Path 1","mn":"ADBE Vector Shape - Group","hd":false},{"ty":"fl","c":{"a":0,"k":[0.815364599228,0.974425911903,1,1],"ix":4},"o":{"a":0,"k":100,"ix":5},"r":1,"bm":0,"nm":"Fill 1","mn":"ADBE Vector Graphic - Fill","hd":false},{"ty":"tr","p":{"a":0,"k":[0,0],"ix":2},"a":{"a":0,"k":[0,0],"ix":1},"s":{"a":0,"k":[400,400],"ix":3},"r":{"a":0,"k":22.357,"ix":6},"o":{"a":0,"k":100,"ix":7},"sk":{"a":0,"k":0,"ix":4},"sa":{"a":0,"k":0,"ix":5},"nm":"Transform"}],"nm":"Vector","np":2,"cix":2,"bm":0,"ix":1,"mn":"ADBE Vector Group","hd":false}],"ip":40,"op":162,"st":40,"ct":1,"bm":0},{"ddd":0,"ind":5,"ty":4,"nm":"Vector","sr":1,"ks":{"o":{"a":1,"k":[{"i":{"x":[0.667],"y":[1]},"o":{"x":[0.333],"y":[0]},"t":0,"s":[0]},{"i":{"x":[0.667],"y":[1]},"o":{"x":[0.333],"y":[0]},"t":60,"s":[100]},{"t":120,"s":[0]}],"ix":11},"r":{"a":0,"k":0,"ix":10},"p":{"s":true,"x":{"a":1,"k":[{"i":{"x":[0.765],"y":[0.564]},"o":{"x":[0.427],"y":[0.756]},"t":0,"s":[720]},{"t":120,"s":[1280.585]}],"ix":3},"y":{"a":1,"k":[{"i":{"x":[0.659],"y":[0.647]},"o":{"x":[0.223],"y":[-0.093]},"t":0,"s":[796.354]},{"t":120,"s":[470.763]}],"ix":4}},"a":{"a":0,"k":[0,0,0],"ix":1,"l":2},"s":{"a":1,"k":[{"i":{"x":[0.667,0.667,0.667],"y":[1,1,1]},"o":{"x":[0.333,0.333,0.333],"y":[0,0,0]},"t":0,"s":[0,0,100]},{"i":{"x":[0.667,0.667,0.667],"y":[1,1,1]},"o":{"x":[0.333,0.333,0.333],"y":[0,0,0]},"t":60,"s":[100,100,100]},{"t":120,"s":[30,30,100]}],"ix":6,"l":2}},"ao":0,"shapes":[{"ty":"gr","it":[{"ind":0,"ty":"sh","ix":1,"ks":{"a":0,"k":{"i":[[0,0],[-3.535,-5.996],[0,0],[3.178,-1.113],[0,0],[-8.262,-10.199],[0,0]],"o":[[0,0],[2.27,-2.9],[-4.492,-7.882],[0,0],[-14.67,-8.725],[8.262,10.199],[0,0]],"v":[[2.136,-11.734],[11.328,-2.927],[15.821,-8.561],[-6.793,-23.669],[0.909,0.753],[-12.245,12.713],[11.328,23.77]],"c":true},"ix":2},"nm":"Path 1","mn":"ADBE Vector Shape - Group","hd":false},{"ty":"fl","c":{"a":0,"k":[1,1,1,1],"ix":4},"o":{"a":0,"k":100,"ix":5},"r":1,"bm":0,"nm":"Fill 1","mn":"ADBE Vector Graphic - Fill","hd":false},{"ty":"tr","p":{"a":0,"k":[0,0],"ix":2},"a":{"a":0,"k":[0,0],"ix":1},"s":{"a":0,"k":[400,400],"ix":3},"r":{"a":0,"k":22.357,"ix":6},"o":{"a":0,"k":100,"ix":7},"sk":{"a":0,"k":0,"ix":4},"sa":{"a":0,"k":0,"ix":5},"nm":"Transform"}],"nm":"Vector","np":2,"cix":2,"bm":0,"ix":1,"mn":"ADBE Vector Group","hd":false}],"ip":0,"op":121,"st":0,"ct":1,"bm":0},{"ddd":0,"ind":6,"ty":0,"nm":"play zMelody 2","refId":"comp_0","sr":1,"ks":{"o":{"a":0,"k":100,"ix":11},"r":{"a":0,"k":0,"ix":10},"p":{"a":0,"k":[720,650,0],"ix":2,"l":2},"a":{"a":0,"k":[560,602,0],"ix":1,"l":2},"s":{"a":0,"k":[100,100,100],"ix":6,"l":2}},"ao":0,"w":1120,"h":1204,"ip":0,"op":300,"st":0,"bm":0},{"ddd":0,"ind":8,"ty":4,"nm":"Frame 6813","sr":1,"ks":{"o":{"a":0,"k":100,"ix":11},"r":{"a":0,"k":0,"ix":10},"p":{"a":0,"k":[720,650,0],"ix":2,"l":2},"a":{"a":0,"k":[0,0,0],"ix":1,"l":2},"s":{"a":0,"k":[100,100,100],"ix":6,"l":2}},"ao":0,"shapes":[{"ty":"gr","it":[{"ty":"rc","d":1,"s":{"a":0,"k":[360,325],"ix":2},"p":{"a":0,"k":[0,0],"ix":3},"r":{"a":0,"k":0,"ix":4},"nm":"Rectangle Path 1","mn":"ADBE Vector Shape - Rect","hd":false},{"ty":"tr","p":{"a":0,"k":[0,0],"ix":2},"a":{"a":0,"k":[0,0],"ix":1},"s":{"a":0,"k":[400,400],"ix":3},"r":{"a":0,"k":0,"ix":6},"o":{"a":0,"k":100,"ix":7},"sk":{"a":0,"k":0,"ix":4},"sa":{"a":0,"k":0,"ix":5},"nm":"Transform"}],"nm":"Frame 6813","np":1,"cix":2,"bm":0,"ix":1,"mn":"ADBE Vector Group","hd":false}],"ip":0,"op":300,"st":0,"ct":1,"bm":0}],"markers":[],"props":{}}