{"v":"5.7.13","fr":29.9700012207031,"ip":0,"op":180.00000733155,"w":360,"h":720,"nm":"Main 2","ddd":0,"assets":[{"id":"comp_0","nm":"Pieces 4","layers":[{"ddd":0,"ind":1,"ty":0,"nm":"Pieces 3","refId":"comp_1","sr":1,"ks":{"o":{"a":0,"k":100,"ix":11},"r":{"a":0,"k":0,"ix":10},"p":{"a":0,"k":[180,360,0],"ix":2,"l":2},"a":{"a":0,"k":[180,360,0],"ix":1,"l":2},"s":{"a":0,"k":[100,100,100],"ix":6,"l":2}},"ao":0,"w":360,"h":720,"ip":180.00000733155,"op":1080.0000439893,"st":180.00000733155,"bm":0},{"ddd":0,"ind":2,"ty":0,"nm":"Pieces 3","refId":"comp_1","sr":1,"ks":{"o":{"a":0,"k":100,"ix":11},"r":{"a":0,"k":0,"ix":10},"p":{"a":0,"k":[180,360,0],"ix":2,"l":2},"a":{"a":0,"k":[180,360,0],"ix":1,"l":2},"s":{"a":0,"k":[100,100,100],"ix":6,"l":2}},"ao":0,"w":360,"h":720,"ip":0,"op":900.000036657751,"st":0,"bm":0},{"ddd":0,"ind":3,"ty":0,"nm":"Pieces 3","refId":"comp_1","sr":1,"ks":{"o":{"a":0,"k":100,"ix":11},"r":{"a":0,"k":0,"ix":10},"p":{"a":0,"k":[180,360,0],"ix":2,"l":2},"a":{"a":0,"k":[180,360,0],"ix":1,"l":2},"s":{"a":0,"k":[100,100,100],"ix":6,"l":2}},"ao":0,"w":360,"h":720,"ip":0,"op":720.000029326201,"st":-180.00000733155,"bm":0}]},{"id":"comp_1","nm":"Pieces 3","layers":[{"ddd":0,"ind":1,"ty":4,"nm":"Line4","sr":1,"ks":{"o":{"a":1,"k":[{"i":{"x":[0.833],"y":[0.833]},"o":{"x":[0.167],"y":[0.167]},"t":261,"s":[100]},{"t":327.000013318983,"s":[0]}],"ix":11},"r":{"a":0,"k":0,"ix":10},"p":{"a":0,"k":[204,310,0],"ix":2,"l":2},"a":{"a":0,"k":[0,0,0],"ix":1,"l":2},"s":{"a":0,"k":[100,100,100],"ix":6,"l":2}},"ao":0,"shapes":[{"ty":"gr","it":[{"ind":0,"ty":"sh","ix":1,"ks":{"a":0,"k":{"i":[[0,0],[28,-6],[-0.5,-16.5],[-18.012,-15.094],[36.5,-1.5],[-0.5,-18],[-36,1],[0.5,-12.499],[18.988,-2.594],[5,-19],[-9.5,-5],[0,-14.5],[3.238,-17.094],[-19.598,-14.497],[0.503,-19.801],[4.5,-14],[-21.412,-16.757],[3.5,-6.5],[4,-17.5],[0,0]],"o":[[0,0],[-28,6],[0.5,16.5],[13.679,11.463],[-36.5,1.5],[0.5,18],[36,-1],[-0.5,12.5],[-37.767,5.159],[-5,19],[9.5,5],[0,14.5],[-2.332,12.312],[18.25,13.5],[-0.75,29.5],[-4.5,14],[11.5,9],[-5.406,10.039],[-7.474,32.698],[0,0]],"v":[[-36,-394],[-117,-332.5],[-146,-303],[-88.5,-280.5],[-122.5,-240.5],[-176.5,-195],[-121,-163],[-73,-134],[-107,-105],[-172,-76],[-154.5,-40.5],[-100,-16.5],[-168,20],[-147,62],[-100.75,117.25],[-159.5,162],[-139,205.5],[-130.5,238],[-143.5,269],[-161,374]],"c":false},"ix":2},"nm":"Path 1","mn":"ADBE Vector Shape - Group","hd":false},{"ty":"st","c":{"a":0,"k":[0.937254961799,0.545098039216,0.741176470588,1],"ix":3},"o":{"a":0,"k":100,"ix":4},"w":{"a":1,"k":[{"i":{"x":[0.833],"y":[0.833]},"o":{"x":[0.167],"y":[0.167]},"t":160,"s":[5]},{"i":{"x":[0.833],"y":[0.833]},"o":{"x":[0.167],"y":[0.167]},"t":261.145,"s":[8]},{"t":294.308761987441,"s":[5]}],"ix":5},"lc":1,"lj":1,"ml":4,"bm":0,"nm":"Stroke 1","mn":"ADBE Vector Graphic - Stroke","hd":false},{"ty":"tr","p":{"a":0,"k":[-9.988,37.594],"ix":2},"a":{"a":0,"k":[0,0],"ix":1},"s":{"a":0,"k":[100,100],"ix":3},"r":{"a":0,"k":0,"ix":6},"o":{"a":0,"k":100,"ix":7},"sk":{"a":0,"k":0,"ix":4},"sa":{"a":0,"k":0,"ix":5},"nm":"Transform"}],"nm":"Shape 2","np":3,"cix":2,"bm":0,"ix":1,"mn":"ADBE Vector Group","hd":false},{"ty":"tm","s":{"a":1,"k":[{"i":{"x":[0.833],"y":[0.833]},"o":{"x":[0.167],"y":[0.167]},"t":153,"s":[0]},{"t":337.000013726291,"s":[100]}],"ix":1},"e":{"a":1,"k":[{"i":{"x":[0.833],"y":[0.833]},"o":{"x":[0.167],"y":[0.167]},"t":138,"s":[0]},{"t":327.472513338228,"s":[100]}],"ix":2},"o":{"a":0,"k":0,"ix":3},"m":1,"ix":2,"nm":"Trim Paths 1","mn":"ADBE Vector Filter - Trim","hd":false}],"ip":129.000005254278,"op":342.000013929946,"st":129.000005254278,"bm":0},{"ddd":0,"ind":2,"ty":4,"nm":"Line3","sr":1,"ks":{"o":{"a":1,"k":[{"i":{"x":[0.833],"y":[0.833]},"o":{"x":[0.167],"y":[0.167]},"t":217.145,"s":[100]},{"t":250.308760195284,"s":[0]}],"ix":11},"r":{"a":0,"k":0,"ix":10},"p":{"a":0,"k":[64,338,0],"ix":2,"l":2},"a":{"a":0,"k":[0,0,0],"ix":1,"l":2},"s":{"a":0,"k":[-100,100,100],"ix":6,"l":2}},"ao":0,"shapes":[{"ty":"gr","it":[{"ind":0,"ty":"sh","ix":1,"ks":{"a":0,"k":{"i":[[0,0]],"o":[[0,0]],"v":[[-323,265]],"c":false},"ix":2},"nm":"Path 1","mn":"ADBE Vector Shape - Group","hd":false},{"ty":"st","c":{"a":0,"k":[0.545098039216,0.713725490196,0.937254901961,1],"ix":3},"o":{"a":0,"k":100,"ix":4},"w":{"a":0,"k":8,"ix":5},"lc":1,"lj":1,"ml":4,"bm":0,"nm":"Stroke 1","mn":"ADBE Vector Graphic - Stroke","hd":false},{"ty":"tr","p":{"a":0,"k":[0,0],"ix":2},"a":{"a":0,"k":[0,0],"ix":1},"s":{"a":0,"k":[100,100],"ix":3},"r":{"a":0,"k":0,"ix":6},"o":{"a":0,"k":100,"ix":7},"sk":{"a":0,"k":0,"ix":4},"sa":{"a":0,"k":0,"ix":5},"nm":"Transform"}],"nm":"Shape 3","np":3,"cix":2,"bm":0,"ix":1,"mn":"ADBE Vector Group","hd":false},{"ty":"gr","it":[{"ind":0,"ty":"sh","ix":1,"ks":{"a":0,"k":{"i":[[0,0],[14.988,-27.594],[-0.5,-16.5],[-3.602,-17.479],[6.602,-29.307],[-42.512,-16.594],[0.5,-12.499],[33.524,-18.142],[-8.512,-28.594],[0,-14.5],[3.238,-17.094],[-28.012,-3.094],[-3.653,-14.669],[0.257,-10.097],[4.5,-14],[-6.012,-27.094],[2.488,-26.594],[4,-17.5],[-42.5,-8],[-34,-23],[0,0]],"o":[[0,0],[-13.668,25.163],[0.5,16.5],[6.988,33.906],[-6.512,28.906],[33.549,13.095],[-0.5,12.5],[-34.012,18.406],[3.063,10.289],[0,14.5],[-2.332,12.312],[11.057,1.221],[3.653,14.669],[-0.75,29.5],[-4.5,14],[3.164,14.256],[-2.827,30.218],[-7.474,32.698],[42.5,8],[34,23],[0,0]],"v":[[-103,-384],[-64,-332],[-112.5,-300.5],[-60,-269.5],[-141.5,-223.5],[-92.5,-178],[-52.5,-133],[-94,-92],[-130.5,-44],[-94,-13],[-147,13],[-122,44.5],[-79.666,70.737],[-152.75,91.75],[-87.5,142],[-154,191.5],[-96.5,230],[-156.5,262],[-110,310.5],[-35.5,332.5],[45.5,380.5]],"c":false},"ix":2},"nm":"Path 1","mn":"ADBE Vector Shape - Group","hd":false},{"ty":"st","c":{"a":0,"k":[1,0.89019613827,0.400000029919,1],"ix":3},"o":{"a":0,"k":100,"ix":4},"w":{"a":1,"k":[{"i":{"x":[0.833],"y":[0.833]},"o":{"x":[0.167],"y":[0.167]},"t":116,"s":[25]},{"i":{"x":[0.833],"y":[0.833]},"o":{"x":[0.167],"y":[0.167]},"t":217,"s":[20]},{"t":250.000010182709,"s":[16]}],"ix":5},"lc":1,"lj":1,"ml":4,"bm":0,"nm":"Stroke 1","mn":"ADBE Vector Graphic - Stroke","hd":false},{"ty":"tr","p":{"a":0,"k":[-9.988,37.594],"ix":2},"a":{"a":0,"k":[0,0],"ix":1},"s":{"a":0,"k":[100,100],"ix":3},"r":{"a":0,"k":0,"ix":6},"o":{"a":0,"k":100,"ix":7},"sk":{"a":0,"k":0,"ix":4},"sa":{"a":0,"k":0,"ix":5},"nm":"Transform"}],"nm":"Shape 2","np":3,"cix":2,"bm":0,"ix":2,"mn":"ADBE Vector Group","hd":false},{"ty":"tm","s":{"a":1,"k":[{"i":{"x":[0.833],"y":[0.833]},"o":{"x":[0.167],"y":[0.167]},"t":103.836,"s":[0]},{"t":289.000011771211,"s":[100]}],"ix":1},"e":{"a":1,"k":[{"i":{"x":[0.833],"y":[0.833]},"o":{"x":[0.167],"y":[0.167]},"t":94.164,"s":[0]},{"t":283.472511546072,"s":[100]}],"ix":2},"o":{"a":0,"k":0,"ix":3},"m":1,"ix":3,"nm":"Trim Paths 1","mn":"ADBE Vector Filter - Trim","hd":false}],"ip":85.000003462121,"op":354.000014418716,"st":85.000003462121,"bm":0},{"ddd":0,"ind":3,"ty":4,"nm":"Line2","sr":1,"ks":{"o":{"a":1,"k":[{"i":{"x":[0.833],"y":[0.833]},"o":{"x":[0.167],"y":[0.167]},"t":246.145,"s":[100]},{"t":279.308761376479,"s":[0]}],"ix":11},"r":{"a":0,"k":0,"ix":10},"p":{"a":0,"k":[168,342,0],"ix":2,"l":2},"a":{"a":0,"k":[0,0,0],"ix":1,"l":2},"s":{"a":0,"k":[-100,100,100],"ix":6,"l":2}},"ao":0,"shapes":[{"ty":"gr","it":[{"ind":0,"ty":"sh","ix":1,"ks":{"a":0,"k":{"i":[[0,0],[28,-6],[-0.5,-16.5],[-3.5,-17.5],[36.5,-1.5],[-0.5,-18],[-36,1],[0.5,-12.499],[38,3],[5,-19],[-9.5,-5],[0,-14.5],[3.238,-17.094],[-19.598,-14.497],[0.503,-19.8],[4.5,-14],[-21.412,-16.757],[3.5,-6.5],[4,-17.5],[-42.5,-8],[-34,-23],[0,0]],"o":[[0,0],[-28,6],[0.5,16.5],[3.5,17.5],[-36.5,1.5],[0.5,18],[36,-1],[-0.5,12.5],[-38,-3],[-5,19],[9.5,5],[0,14.5],[-2.332,12.312],[18.25,13.5],[-0.75,29.5],[-4.5,14],[11.5,9],[-5.406,10.039],[-7.474,32.698],[42.5,8],[34,23],[0,0]],"v":[[-36,-394],[-64,-332],[-104.5,-303.5],[-64,-279.5],[-101.5,-243],[-152.5,-206.5],[-98.5,-165],[-48.5,-138],[-98,-103],[-164,-79],[-147.5,-46],[-118,-11],[-157,21],[-126,50.5],[-97.75,96.75],[-140.5,162],[-123,204.5],[-123.5,235],[-143.5,269],[-76,336.5],[30.5,345.5],[45.5,380.5]],"c":false},"ix":2},"nm":"Path 1","mn":"ADBE Vector Shape - Group","hd":false},{"ty":"st","c":{"a":0,"k":[0.545098039216,0.713725490196,0.937254901961,1],"ix":3},"o":{"a":0,"k":100,"ix":4},"w":{"a":1,"k":[{"i":{"x":[0.833],"y":[0.833]},"o":{"x":[0.167],"y":[0.167]},"t":145.273,"s":[8]},{"i":{"x":[0.833],"y":[0.833]},"o":{"x":[0.167],"y":[0.167]},"t":246.145,"s":[8]},{"t":279.308761376479,"s":[5]}],"ix":5},"lc":1,"lj":1,"ml":4,"bm":0,"nm":"Stroke 1","mn":"ADBE Vector Graphic - Stroke","hd":false},{"ty":"tr","p":{"a":0,"k":[-9.988,37.594],"ix":2},"a":{"a":0,"k":[0,0],"ix":1},"s":{"a":0,"k":[100,100],"ix":3},"r":{"a":0,"k":0,"ix":6},"o":{"a":0,"k":100,"ix":7},"sk":{"a":0,"k":0,"ix":4},"sa":{"a":0,"k":0,"ix":5},"nm":"Transform"}],"nm":"Shape 2","np":3,"cix":2,"bm":0,"ix":1,"mn":"ADBE Vector Group","hd":false},{"ty":"tm","s":{"a":1,"k":[{"i":{"x":[0.833],"y":[0.833]},"o":{"x":[0.167],"y":[0.167]},"t":132.836,"s":[0]},{"t":318.000012952406,"s":[100]}],"ix":1},"e":{"a":1,"k":[{"i":{"x":[0.833],"y":[0.833]},"o":{"x":[0.167],"y":[0.167]},"t":123.164,"s":[0]},{"t":312.472512727266,"s":[100]}],"ix":2},"o":{"a":0,"k":0,"ix":3},"m":1,"ix":2,"nm":"Trim Paths 1","mn":"ADBE Vector Filter - Trim","hd":false}],"ip":114.000004643315,"op":362.000014744562,"st":114.000004643315,"bm":0},{"ddd":0,"ind":4,"ty":4,"nm":"Line1","sr":1,"ks":{"o":{"a":1,"k":[{"i":{"x":[0.833],"y":[0.833]},"o":{"x":[0.167],"y":[0.167]},"t":175.981,"s":[100]},{"t":209.14500851865,"s":[0]}],"ix":11},"r":{"a":0,"k":0,"ix":10},"p":{"a":0,"k":[180,360,0],"ix":2,"l":2},"a":{"a":0,"k":[0,0,0],"ix":1,"l":2},"s":{"a":0,"k":[100,100,100],"ix":6,"l":2}},"ao":0,"shapes":[{"ty":"gr","it":[{"ind":0,"ty":"sh","ix":1,"ks":{"a":0,"k":{"i":[[0,0],[28,-6],[-0.5,-16.5],[-3.5,-17.5],[36.5,-1.5],[-0.5,-18],[-36,1],[0.5,-12.499],[38,3],[5,-19],[-9.5,-5],[-1.012,-19.594],[-0.012,-27.094],[-1.262,-33.344],[4.5,-14],[-21.412,-16.757],[3.5,-6.5],[4,-17.5],[-42.5,-8],[-34,-23],[0,0]],"o":[[0,0],[-28,6],[0.5,16.5],[3.5,17.5],[-36.5,1.5],[0.5,18],[36,-1],[-0.5,12.5],[-38,-3],[-5,19],[9.5,5],[1.418,27.441],[0.018,40.906],[1.881,49.696],[-4.5,14],[11.5,9],[-5.406,10.039],[-7.474,32.698],[42.5,8],[34,23],[0,0]],"v":[[-36,-394],[-64,-332],[-104.5,-303.5],[-64,-279.5],[-101.5,-243],[-152.5,-206.5],[-98.5,-165],[-48.5,-138],[-98,-103],[-164,-79],[-147.5,-46],[-87,-12],[-155,46.5],[-65.75,104.75],[-140.5,162],[-123,204.5],[-123.5,235],[-143.5,269],[-76,336.5],[30.5,345.5],[45.5,380.5]],"c":false},"ix":2},"nm":"Path 1","mn":"ADBE Vector Shape - Group","hd":false},{"ty":"st","c":{"a":0,"k":[1,0.647058823529,0.521568627451,1],"ix":3},"o":{"a":0,"k":100,"ix":4},"w":{"a":1,"k":[{"i":{"x":[0.833],"y":[0.833]},"o":{"x":[0.167],"y":[0.167]},"t":75.109,"s":[20]},{"i":{"x":[0.833],"y":[0.833]},"o":{"x":[0.167],"y":[0.167]},"t":175.981,"s":[20.474]},{"t":209.14500851865,"s":[15]}],"ix":5},"lc":1,"lj":1,"ml":4,"bm":0,"nm":"Stroke 1","mn":"ADBE Vector Graphic - Stroke","hd":false},{"ty":"tr","p":{"a":0,"k":[-9.988,37.594],"ix":2},"a":{"a":0,"k":[0,0],"ix":1},"s":{"a":0,"k":[100,100],"ix":3},"r":{"a":0,"k":0,"ix":6},"o":{"a":0,"k":100,"ix":7},"sk":{"a":0,"k":0,"ix":4},"sa":{"a":0,"k":0,"ix":5},"nm":"Transform"}],"nm":"Shape 2","np":3,"cix":2,"bm":0,"ix":1,"mn":"ADBE Vector Group","hd":false},{"ty":"tm","s":{"a":1,"k":[{"i":{"x":[0.833],"y":[0.833]},"o":{"x":[0.167],"y":[0.167]},"t":62.673,"s":[0]},{"t":247.836260094577,"s":[100]}],"ix":1},"e":{"a":1,"k":[{"i":{"x":[0.833],"y":[0.833]},"o":{"x":[0.167],"y":[0.167]},"t":53,"s":[0]},{"t":242.308759869438,"s":[100]}],"ix":2},"o":{"a":0,"k":0,"ix":3},"m":1,"ix":2,"nm":"Trim Paths 1","mn":"ADBE Vector Filter - Trim","hd":false}],"ip":53.0000021587343,"op":342.000013929946,"st":53.0000021587343,"bm":0},{"ddd":0,"ind":5,"ty":4,"nm":"Light 2","sr":1,"ks":{"o":{"a":1,"k":[{"i":{"x":[0.833],"y":[0.833]},"o":{"x":[0.167],"y":[0.167]},"t":222.466,"s":[100]},{"t":319.000012993136,"s":[0]}],"ix":11},"r":{"a":0,"k":0,"ix":10},"p":{"a":1,"k":[{"i":{"x":0.833,"y":0.833},"o":{"x":0.167,"y":0.167},"t":138,"s":[298.438,-16.562,0],"to":[0.314,12.635,0],"ti":[-9.468,-51.92,0]},{"i":{"x":0.833,"y":0.833},"o":{"x":0.167,"y":0.167},"t":166.155,"s":[200.963,77.961,0],"to":[9.824,53.874,0],"ti":[-5.99,-71.759,0]},{"i":{"x":0.833,"y":0.833},"o":{"x":0.167,"y":0.167},"t":219.249,"s":[305.45,224.898,0],"to":[5.06,60.619,0],"ti":[31.626,-71.726,0]},{"i":{"x":0.833,"y":0.833},"o":{"x":0.167,"y":0.167},"t":270.734,"s":[275.492,412.662,0],"to":[-31.626,71.726,0],"ti":[-42.097,-32.028,0]},{"t":319.000012993136,"s":[280.438,643.438,0]}],"ix":2,"l":2},"a":{"a":0,"k":[-85.562,-320.562,0],"ix":1,"l":2},"s":{"a":1,"k":[{"i":{"x":[0.833,0.833,0.833],"y":[0.833,0.833,0.833]},"o":{"x":[0.167,0.167,0.167],"y":[0.167,0.167,0.167]},"t":164.546,"s":[0,0,100]},{"i":{"x":[0.833,0.833,0.833],"y":[0.833,0.833,0.833]},"o":{"x":[0.167,0.167,0.167],"y":[0.167,0.167,0.167]},"t":194.311,"s":[150,150,100]},{"i":{"x":[0.833,0.833,0.833],"y":[0.833,0.833,0.833]},"o":{"x":[0.167,0.167,0.167],"y":[0.167,0.167,0.167]},"t":222.466,"s":[30,30,100]},{"i":{"x":[0.833,0.833,0.833],"y":[0.833,0.833,0.833]},"o":{"x":[0.167,0.167,0.167],"y":[0.167,0.167,0.167]},"t":242.578,"s":[150,150,100]},{"i":{"x":[0.833,0.833,0.833],"y":[0.833,0.833,0.833]},"o":{"x":[0.167,0.167,0.167],"y":[0.167,0.167,0.167]},"t":270.734,"s":[30,30,100]},{"i":{"x":[0.833,0.833,0.833],"y":[0.833,0.833,0.833]},"o":{"x":[0.167,0.167,0.167],"y":[0.167,0.167,0.167]},"t":290.845,"s":[150,150,100]},{"t":319.000012993136,"s":[30,30,100]}],"ix":6,"l":2}},"ao":0,"shapes":[{"ty":"gr","it":[{"ind":0,"ty":"sh","ix":1,"ks":{"a":0,"k":{"i":[[1.824,0.146],[0.812,-2.938],[2.177,-0.581],[0,-1.626],[-2.062,-0.75],[-0.438,-1],[-2.188,0.062],[-0.457,0.594],[-1.957,0.909],[0,1.689],[1.562,0.438],[0.38,1.624]],"o":[[-1.562,-0.125],[-0.233,0.843],[-1.875,0.5],[0,1.75],[2.379,0.865],[0.656,1.499],[2.312,-0.066],[0.25,-0.812],[1.75,-0.812],[0,-1.562],[-1.396,-0.391],[-0.688,-2.938]],"v":[[-85.562,-331.938],[-88.5,-326.188],[-91,-323.25],[-96.5,-320.625],[-91.438,-318.062],[-88.875,-315.5],[-85.25,-309.562],[-82.312,-315.438],[-79.562,-318.25],[-74.875,-321],[-80.375,-323.25],[-82.75,-326.5]],"c":true},"ix":2},"nm":"Path 1","mn":"ADBE Vector Shape - Group","hd":false},{"ty":"fl","c":{"a":0,"k":[0.937254961799,0.545098039216,0.741176470588,1],"ix":4},"o":{"a":0,"k":100,"ix":5},"r":1,"bm":0,"nm":"Fill 1","mn":"ADBE Vector Graphic - Fill","hd":false},{"ty":"tr","p":{"a":0,"k":[0,0],"ix":2},"a":{"a":0,"k":[0,0],"ix":1},"s":{"a":0,"k":[100,100],"ix":3},"r":{"a":0,"k":0,"ix":6},"o":{"a":0,"k":100,"ix":7},"sk":{"a":0,"k":0,"ix":4},"sa":{"a":0,"k":0,"ix":5},"nm":"Transform"}],"nm":"Shape 1","np":3,"cix":2,"bm":0,"ix":1,"mn":"ADBE Vector Group","hd":false}],"ip":119.000004846969,"op":342.000013929946,"st":119.000004846969,"bm":0},{"ddd":0,"ind":6,"ty":4,"nm":"Light 1","sr":1,"ks":{"o":{"a":1,"k":[{"i":{"x":[0.833],"y":[0.833]},"o":{"x":[0.167],"y":[0.167]},"t":213,"s":[100]},{"t":333.000013563368,"s":[0]}],"ix":11},"r":{"a":0,"k":0,"ix":10},"p":{"a":1,"k":[{"i":{"x":0.833,"y":0.833},"o":{"x":0.167,"y":0.167},"t":108,"s":[40.438,-0.562,0],"to":[0.314,12.635,0],"ti":[-9.468,-51.92,0]},{"i":{"x":0.833,"y":0.833},"o":{"x":0.167,"y":0.167},"t":143,"s":[96.963,97.961,0],"to":[9.824,53.874,0],"ti":[-5.99,-71.759,0]},{"i":{"x":0.833,"y":0.833},"o":{"x":0.167,"y":0.167},"t":209,"s":[59.45,354.898,0],"to":[5.06,60.619,0],"ti":[-12.081,-44.529,0]},{"i":{"x":0.833,"y":0.833},"o":{"x":0.167,"y":0.167},"t":273,"s":[133.492,506.662,0],"to":[18.374,67.726,0],"ti":[15.903,-30.028,0]},{"t":333.000013563368,"s":[108.438,659.438,0]}],"ix":2,"l":2},"a":{"a":0,"k":[-85.562,-320.562,0],"ix":1,"l":2},"s":{"a":1,"k":[{"i":{"x":[0.833,0.833,0.833],"y":[0.833,0.833,0.833]},"o":{"x":[0.167,0.167,0.167],"y":[0.167,0.167,0.167]},"t":141,"s":[0,0,100]},{"i":{"x":[0.833,0.833,0.833],"y":[0.833,0.833,0.833]},"o":{"x":[0.167,0.167,0.167],"y":[0.167,0.167,0.167]},"t":178,"s":[100,100,100]},{"i":{"x":[0.833,0.833,0.833],"y":[0.833,0.833,0.833]},"o":{"x":[0.167,0.167,0.167],"y":[0.167,0.167,0.167]},"t":213,"s":[30,30,100]},{"i":{"x":[0.833,0.833,0.833],"y":[0.833,0.833,0.833]},"o":{"x":[0.167,0.167,0.167],"y":[0.167,0.167,0.167]},"t":238,"s":[100,100,100]},{"i":{"x":[0.833,0.833,0.833],"y":[0.833,0.833,0.833]},"o":{"x":[0.167,0.167,0.167],"y":[0.167,0.167,0.167]},"t":273,"s":[30,30,100]},{"i":{"x":[0.833,0.833,0.833],"y":[0.833,0.833,0.833]},"o":{"x":[0.167,0.167,0.167],"y":[0.167,0.167,0.167]},"t":298,"s":[100,100,100]},{"t":333.000013563368,"s":[30,30,100]}],"ix":6,"l":2}},"ao":0,"shapes":[{"ty":"gr","it":[{"ind":0,"ty":"sh","ix":1,"ks":{"a":0,"k":{"i":[[1.824,0.146],[0.812,-2.938],[2.177,-0.581],[0,-1.626],[-2.062,-0.75],[-0.438,-1],[-2.188,0.062],[-0.457,0.594],[-1.957,0.909],[0,1.689],[1.562,0.438],[0.38,1.624]],"o":[[-1.562,-0.125],[-0.233,0.843],[-1.875,0.5],[0,1.75],[2.379,0.865],[0.656,1.499],[2.312,-0.066],[0.25,-0.812],[1.75,-0.812],[0,-1.562],[-1.396,-0.391],[-0.688,-2.938]],"v":[[-85.562,-331.938],[-88.5,-326.188],[-91,-323.25],[-96.5,-320.625],[-91.438,-318.062],[-88.875,-315.5],[-85.25,-309.562],[-82.312,-315.438],[-79.562,-318.25],[-74.875,-321],[-80.375,-323.25],[-82.75,-326.5]],"c":true},"ix":2},"nm":"Path 1","mn":"ADBE Vector Shape - Group","hd":false},{"ty":"fl","c":{"a":0,"k":[0.792156862745,0.705882352941,0.937254901961,1],"ix":4},"o":{"a":0,"k":100,"ix":5},"r":1,"bm":0,"nm":"Fill 1","mn":"ADBE Vector Graphic - Fill","hd":false},{"ty":"tr","p":{"a":0,"k":[0,0],"ix":2},"a":{"a":0,"k":[0,0],"ix":1},"s":{"a":0,"k":[100,100],"ix":3},"r":{"a":0,"k":0,"ix":6},"o":{"a":0,"k":100,"ix":7},"sk":{"a":0,"k":0,"ix":4},"sa":{"a":0,"k":0,"ix":5},"nm":"Transform"}],"nm":"Shape 1","np":3,"cix":2,"bm":0,"ix":1,"mn":"ADBE Vector Group","hd":false}],"ip":89.0000036250443,"op":342.000013929946,"st":89.0000036250443,"bm":0},{"ddd":0,"ind":7,"ty":4,"nm":"Piece10","sr":1,"ks":{"o":{"a":1,"k":[{"i":{"x":[0.833],"y":[0.833]},"o":{"x":[0.167],"y":[0.167]},"t":198.19,"s":[100]},{"t":236.000009612477,"s":[0]}],"ix":11},"r":{"a":1,"k":[{"i":{"x":[0.833],"y":[0.833]},"o":{"x":[0.167],"y":[0.167]},"t":94,"s":[0]},{"i":{"x":[0.833],"y":[0.833]},"o":{"x":[0.167],"y":[0.167]},"t":99.049,"s":[-38]},{"i":{"x":[0.833],"y":[0.833]},"o":{"x":[0.167],"y":[0.167]},"t":107.464,"s":[-4]},{"i":{"x":[0.833],"y":[0.833]},"o":{"x":[0.167],"y":[0.167]},"t":131.81,"s":[46]},{"i":{"x":[0.833],"y":[0.833]},"o":{"x":[0.167],"y":[0.167]},"t":165.354,"s":[-6]},{"i":{"x":[0.833],"y":[0.833]},"o":{"x":[0.167],"y":[0.167]},"t":198.19,"s":[13]},{"t":236.000009612477,"s":[-25]}],"ix":10},"p":{"a":1,"k":[{"i":{"x":0.833,"y":0.833},"o":{"x":0.167,"y":0.167},"t":99.049,"s":[53.306,-23.816,0],"to":[7.963,36.202,0],"ti":[-2.773,-21.095,0]},{"i":{"x":0.833,"y":0.833},"o":{"x":0.167,"y":0.167},"t":123.395,"s":[110.662,100.493,0],"to":[2.773,21.095,0],"ti":[0.544,-19.366,0]},{"i":{"x":0.833,"y":0.833},"o":{"x":0.167,"y":0.167},"t":131.81,"s":[117.216,154.469,0],"to":[-0.544,19.366,0],"ti":[-11.093,-46.326,0]},{"i":{"x":0.833,"y":0.833},"o":{"x":0.167,"y":0.167},"t":165.354,"s":[88.549,344.013,0],"to":[12.171,50.83,0],"ti":[-4.256,-86.056,0]},{"t":236.000009612477,"s":[58.043,651.404,0]}],"ix":2,"l":2},"a":{"a":0,"k":[19.007,-68.245,0],"ix":1,"l":2},"s":{"a":0,"k":[117.988,100,100],"ix":6,"l":2}},"ao":0,"shapes":[{"ty":"gr","it":[{"ty":"rc","d":1,"s":{"a":0,"k":[129.299,129.299],"ix":2},"p":{"a":0,"k":[0,0],"ix":3},"r":{"a":0,"k":20,"ix":4},"nm":"Rectangle Path 1","mn":"ADBE Vector Shape - Rect","hd":false},{"ty":"fl","c":{"a":0,"k":[0.937254961799,0.545098039216,0.741176470588,1],"ix":4},"o":{"a":0,"k":100,"ix":5},"r":1,"bm":0,"nm":"Fill 1","mn":"ADBE Vector Graphic - Fill","hd":false},{"ty":"tr","p":{"a":0,"k":[18.649,-81.351],"ix":2},"a":{"a":0,"k":[0,0],"ix":1},"s":{"a":0,"k":[19.54,20.742],"ix":3},"r":{"a":0,"k":0,"ix":6},"o":{"a":0,"k":100,"ix":7},"sk":{"a":0,"k":0,"ix":4},"sa":{"a":0,"k":0,"ix":5},"nm":"Transform"}],"nm":"Rectangle 2","np":3,"cix":2,"bm":0,"ix":1,"mn":"ADBE Vector Group","hd":false}],"ip":94.0000038286985,"op":342.000013929946,"st":94.0000038286985,"bm":0},{"ddd":0,"ind":8,"ty":4,"nm":"Circle 8","sr":1,"ks":{"o":{"a":1,"k":[{"i":{"x":[0.833],"y":[0.833]},"o":{"x":[0.167],"y":[0.167]},"t":282.823,"s":[100]},{"t":340.000013848484,"s":[0]}],"ix":11},"r":{"a":1,"k":[{"i":{"x":[0.833],"y":[0.833]},"o":{"x":[0.167],"y":[0.167]},"t":150,"s":[0]},{"i":{"x":[0.833],"y":[0.833]},"o":{"x":[0.167],"y":[0.167]},"t":153,"s":[-38]},{"i":{"x":[0.833],"y":[0.833]},"o":{"x":[0.167],"y":[0.167]},"t":158,"s":[-4]},{"i":{"x":[0.833],"y":[0.833]},"o":{"x":[0.167],"y":[0.167]},"t":189.116,"s":[-49]},{"i":{"x":[0.833],"y":[0.833]},"o":{"x":[0.167],"y":[0.167]},"t":241.528,"s":[59]},{"i":{"x":[0.833],"y":[0.833]},"o":{"x":[0.167],"y":[0.167]},"t":282.823,"s":[-28]},{"t":340.000013848484,"s":[-25]}],"ix":10},"p":{"a":1,"k":[{"i":{"x":0.833,"y":0.833},"o":{"x":0.167,"y":0.167},"t":153,"s":[205.806,-5.816,0],"to":[11.646,30.942,0],"ti":[-6.852,-26.489,0]},{"i":{"x":0.833,"y":0.833},"o":{"x":0.167,"y":0.167},"t":189.116,"s":[264.091,75.344,0],"to":[6.852,26.489,0],"ti":[33.674,-14.257,0]},{"i":{"x":0.833,"y":0.833},"o":{"x":0.167,"y":0.167},"t":203.41,"s":[243.88,117.673,0],"to":[-33.674,14.257,0],"ti":[64.86,-14.687,0]},{"i":{"x":0.833,"y":0.833},"o":{"x":0.167,"y":0.167},"t":241.528,"s":[161.543,176.404,0],"to":[-64.86,14.687,0],"ti":[46.15,-14.796,0]},{"i":{"x":0.833,"y":0.833},"o":{"x":0.167,"y":0.167},"t":282.823,"s":[77.563,276.939,0],"to":[-46.15,14.796,0],"ti":[2.491,-9.36,0]},{"t":340.000013848484,"s":[62.5,540.5,0]}],"ix":2,"l":2},"a":{"a":0,"k":[-84.5,-256.312,0],"ix":1,"l":2},"s":{"a":0,"k":[100,100,100],"ix":6,"l":2}},"ao":0,"shapes":[{"ty":"gr","it":[{"d":1,"ty":"el","s":{"a":0,"k":[13.793,13.793],"ix":2},"p":{"a":0,"k":[0,0],"ix":3},"nm":"Ellipse Path 1","mn":"ADBE Vector Shape - Ellipse","hd":false},{"ty":"fl","c":{"a":0,"k":[1,0.647058823529,0.521568627451,1],"ix":4},"o":{"a":0,"k":100,"ix":5},"r":1,"bm":0,"nm":"Fill 1","mn":"ADBE Vector Graphic - Fill","hd":false},{"ty":"tr","p":{"a":0,"k":[-84.604,-263.104],"ix":2},"a":{"a":0,"k":[0,0],"ix":1},"s":{"a":0,"k":[100,100],"ix":3},"r":{"a":0,"k":0,"ix":6},"o":{"a":0,"k":100,"ix":7},"sk":{"a":0,"k":0,"ix":4},"sa":{"a":0,"k":0,"ix":5},"nm":"Transform"}],"nm":"Ellipse 1","np":3,"cix":2,"bm":0,"ix":1,"mn":"ADBE Vector Group","hd":false}],"ip":150.000006109625,"op":342.000013929946,"st":150.000006109625,"bm":0},{"ddd":0,"ind":9,"ty":4,"nm":"Piece9","sr":1,"ks":{"o":{"a":1,"k":[{"i":{"x":[0.833],"y":[0.833]},"o":{"x":[0.167],"y":[0.167]},"t":184.4,"s":[100]},{"t":242.000009856862,"s":[0]}],"ix":11},"r":{"a":1,"k":[{"i":{"x":[0.833],"y":[0.833]},"o":{"x":[0.167],"y":[0.167]},"t":65,"s":[0]},{"i":{"x":[0.833],"y":[0.833]},"o":{"x":[0.167],"y":[0.167]},"t":68,"s":[-38]},{"i":{"x":[0.833],"y":[0.833]},"o":{"x":[0.167],"y":[0.167]},"t":73,"s":[-4]},{"i":{"x":[0.833],"y":[0.833]},"o":{"x":[0.167],"y":[0.167]},"t":90,"s":[46]},{"i":{"x":[0.833],"y":[0.833]},"o":{"x":[0.167],"y":[0.167]},"t":142.8,"s":[-6]},{"i":{"x":[0.833],"y":[0.833]},"o":{"x":[0.167],"y":[0.167]},"t":184.4,"s":[13]},{"t":242.000009856862,"s":[-25]}],"ix":10},"p":{"a":1,"k":[{"i":{"x":0.833,"y":0.833},"o":{"x":0.167,"y":0.167},"t":65,"s":[270.837,-6.988,0],"to":[13.32,-2.586,0],"ti":[1.183,-60.952,0]},{"i":{"x":0.833,"y":0.833},"o":{"x":0.167,"y":0.167},"t":104.4,"s":[325.174,163.138,0],"to":[-1.183,60.952,0],"ti":[-5.217,-77.576,0]},{"i":{"x":0.833,"y":0.833},"o":{"x":0.167,"y":0.167},"t":142.8,"s":[297.043,315.404,0],"to":[5.217,77.576,0],"ti":[-15.194,-36.382,0]},{"i":{"x":0.833,"y":0.833},"o":{"x":0.167,"y":0.167},"t":193.08,"s":[335.771,472.06,0],"to":[12.264,29.365,0],"ti":[1.113,-33.659,0]},{"t":242.000009856862,"s":[347.5,569.5,0]}],"ix":2,"l":2},"a":{"a":0,"k":[19.007,-68.245,0],"ix":1,"l":2},"s":{"a":0,"k":[117.988,100,100],"ix":6,"l":2}},"ao":0,"shapes":[{"ty":"gr","it":[{"ty":"rc","d":1,"s":{"a":0,"k":[129.299,129.299],"ix":2},"p":{"a":0,"k":[0,0],"ix":3},"r":{"a":0,"k":20,"ix":4},"nm":"Rectangle Path 1","mn":"ADBE Vector Shape - Rect","hd":false},{"ty":"fl","c":{"a":0,"k":[1,0.647058823529,0.521568627451,1],"ix":4},"o":{"a":0,"k":100,"ix":5},"r":1,"bm":0,"nm":"Fill 1","mn":"ADBE Vector Graphic - Fill","hd":false},{"ty":"tr","p":{"a":0,"k":[18.649,-81.351],"ix":2},"a":{"a":0,"k":[0,0],"ix":1},"s":{"a":0,"k":[19.54,20.742],"ix":3},"r":{"a":0,"k":0,"ix":6},"o":{"a":0,"k":100,"ix":7},"sk":{"a":0,"k":0,"ix":4},"sa":{"a":0,"k":0,"ix":5},"nm":"Transform"}],"nm":"Rectangle 2","np":3,"cix":2,"bm":0,"ix":1,"mn":"ADBE Vector Group","hd":false}],"ip":65.0000026475043,"op":342.000013929946,"st":65.0000026475043,"bm":0},{"ddd":0,"ind":10,"ty":4,"nm":"Circle 7","sr":1,"ks":{"o":{"a":1,"k":[{"i":{"x":[0.833],"y":[0.833]},"o":{"x":[0.167],"y":[0.167]},"t":199.633,"s":[100]},{"t":253.000010304901,"s":[0]}],"ix":11},"r":{"a":1,"k":[{"i":{"x":[0.833],"y":[0.833]},"o":{"x":[0.167],"y":[0.167]},"t":88,"s":[0]},{"i":{"x":[0.833],"y":[0.833]},"o":{"x":[0.167],"y":[0.167]},"t":91,"s":[-38]},{"i":{"x":[0.833],"y":[0.833]},"o":{"x":[0.167],"y":[0.167]},"t":96,"s":[-4]},{"i":{"x":[0.833],"y":[0.833]},"o":{"x":[0.167],"y":[0.167]},"t":113,"s":[46]},{"i":{"x":[0.833],"y":[0.833]},"o":{"x":[0.167],"y":[0.167]},"t":155.491,"s":[-6]},{"i":{"x":[0.833],"y":[0.833]},"o":{"x":[0.167],"y":[0.167]},"t":199.633,"s":[13]},{"t":253.000010304901,"s":[-25]}],"ix":10},"p":{"a":1,"k":[{"i":{"x":0.833,"y":0.833},"o":{"x":0.167,"y":0.167},"t":88,"s":[270.837,-17.988,0],"to":[0.32,-1.586,0],"ti":[-7.869,-9.17,0]},{"i":{"x":0.833,"y":0.833},"o":{"x":0.167,"y":0.167},"t":91,"s":[294.306,-0.316,0],"to":[7.869,9.17,0],"ti":[-1.152,-36.039,0]},{"i":{"x":0.833,"y":0.833},"o":{"x":0.167,"y":0.167},"t":113,"s":[325.841,53.094,0],"to":[1.152,36.039,0],"ti":[7.44,-37.824,0]},{"i":{"x":0.833,"y":0.833},"o":{"x":0.167,"y":0.167},"t":155.491,"s":[281.043,224.404,0],"to":[-10.151,51.605,0],"ti":[-20.617,-24.841,0]},{"i":{"x":0.833,"y":0.833},"o":{"x":0.167,"y":0.167},"t":199.633,"s":[296.563,442.939,0],"to":[64.632,77.873,0],"ti":[2.491,-9.36,0]},{"t":253.000010304901,"s":[282.5,659.5,0]}],"ix":2,"l":2},"a":{"a":0,"k":[-84.5,-256.312,0],"ix":1,"l":2},"s":{"a":0,"k":[74.565,77.929,100],"ix":6,"l":2}},"ao":0,"shapes":[{"ty":"gr","it":[{"d":1,"ty":"el","s":{"a":0,"k":[13.793,13.793],"ix":2},"p":{"a":0,"k":[0,0],"ix":3},"nm":"Ellipse Path 1","mn":"ADBE Vector Shape - Ellipse","hd":false},{"ty":"fl","c":{"a":0,"k":[0.545098039216,0.713725490196,0.937254961799,1],"ix":4},"o":{"a":0,"k":100,"ix":5},"r":1,"bm":0,"nm":"Fill 1","mn":"ADBE Vector Graphic - Fill","hd":false},{"ty":"tr","p":{"a":0,"k":[-84.604,-263.104],"ix":2},"a":{"a":0,"k":[0,0],"ix":1},"s":{"a":0,"k":[100,100],"ix":3},"r":{"a":0,"k":0,"ix":6},"o":{"a":0,"k":100,"ix":7},"sk":{"a":0,"k":0,"ix":4},"sa":{"a":0,"k":0,"ix":5},"nm":"Transform"}],"nm":"Ellipse 1","np":3,"cix":2,"bm":0,"ix":1,"mn":"ADBE Vector Group","hd":false}],"ip":88.0000035843135,"op":342.000013929946,"st":88.0000035843135,"bm":0},{"ddd":0,"ind":11,"ty":4,"nm":"Circle 11","sr":1,"ks":{"o":{"a":1,"k":[{"i":{"x":[0.833],"y":[0.833]},"o":{"x":[0.167],"y":[0.167]},"t":274.526,"s":[100]},{"t":328.000013359714,"s":[0]}],"ix":11},"r":{"a":1,"k":[{"i":{"x":[0.833],"y":[0.833]},"o":{"x":[0.167],"y":[0.167]},"t":149,"s":[0]},{"i":{"x":[0.833],"y":[0.833]},"o":{"x":[0.167],"y":[0.167]},"t":152,"s":[-38]},{"i":{"x":[0.833],"y":[0.833]},"o":{"x":[0.167],"y":[0.167]},"t":174,"s":[-4]},{"i":{"x":[0.833],"y":[0.833]},"o":{"x":[0.167],"y":[0.167]},"t":187.724,"s":[46]},{"i":{"x":[0.833],"y":[0.833]},"o":{"x":[0.167],"y":[0.167]},"t":230.299,"s":[-26]},{"i":{"x":[0.833],"y":[0.833]},"o":{"x":[0.167],"y":[0.167]},"t":274.526,"s":[13]},{"t":328.000013359714,"s":[-25]}],"ix":10},"p":{"a":1,"k":[{"i":{"x":0.833,"y":0.833},"o":{"x":0.167,"y":0.167},"t":152,"s":[327.306,-10.316,0],"to":[-32.495,10.623,0],"ti":[5.013,-41.199,0]},{"i":{"x":0.833,"y":0.833},"o":{"x":0.167,"y":0.167},"t":187.724,"s":[315.591,124.844,0],"to":[-5.013,41.199,0],"ti":[-0.357,-15.086,0]},{"i":{"x":0.833,"y":0.833},"o":{"x":0.167,"y":0.167},"t":230.299,"s":[313.043,302.904,0],"to":[0.357,15.086,0],"ti":[-11.568,-37.796,0]},{"i":{"x":0.833,"y":0.833},"o":{"x":0.167,"y":0.167},"t":274.526,"s":[317.563,466.939,0],"to":[45.076,147.28,0],"ti":[2.491,-9.36,0]},{"t":328.000013359714,"s":[319.5,812.5,0]}],"ix":2,"l":2},"a":{"a":0,"k":[-84.5,-256.312,0],"ix":1,"l":2},"s":{"a":0,"k":[150,150,100],"ix":6,"l":2}},"ao":0,"shapes":[{"ty":"gr","it":[{"d":1,"ty":"el","s":{"a":0,"k":[13.793,13.793],"ix":2},"p":{"a":0,"k":[0,0],"ix":3},"nm":"Ellipse Path 1","mn":"ADBE Vector Shape - Ellipse","hd":false},{"ty":"fl","c":{"a":0,"k":[1,0.886274569642,0.400000029919,1],"ix":4},"o":{"a":0,"k":100,"ix":5},"r":1,"bm":0,"nm":"Fill 1","mn":"ADBE Vector Graphic - Fill","hd":false},{"ty":"tr","p":{"a":0,"k":[-84.604,-263.104],"ix":2},"a":{"a":0,"k":[0,0],"ix":1},"s":{"a":0,"k":[100,100],"ix":3},"r":{"a":0,"k":0,"ix":6},"o":{"a":0,"k":100,"ix":7},"sk":{"a":0,"k":0,"ix":4},"sa":{"a":0,"k":0,"ix":5},"nm":"Transform"}],"nm":"Ellipse 1","np":3,"cix":2,"bm":0,"ix":1,"mn":"ADBE Vector Group","hd":false}],"ip":149.000006068894,"op":342.000013929946,"st":149.000006068894,"bm":0},{"ddd":0,"ind":12,"ty":4,"nm":"Circle 6","sr":1,"ks":{"o":{"a":1,"k":[{"i":{"x":[0.833],"y":[0.833]},"o":{"x":[0.167],"y":[0.167]},"t":134.82,"s":[100]},{"t":192.00000782032,"s":[0]}],"ix":11},"r":{"a":1,"k":[{"i":{"x":[0.833],"y":[0.833]},"o":{"x":[0.167],"y":[0.167]},"t":0,"s":[0]},{"i":{"x":[0.833],"y":[0.833]},"o":{"x":[0.167],"y":[0.167]},"t":3,"s":[-38]},{"i":{"x":[0.833],"y":[0.833]},"o":{"x":[0.167],"y":[0.167]},"t":25,"s":[-4]},{"i":{"x":[0.833],"y":[0.833]},"o":{"x":[0.167],"y":[0.167]},"t":42,"s":[46]},{"i":{"x":[0.833],"y":[0.833]},"o":{"x":[0.167],"y":[0.167]},"t":87.526,"s":[-26]},{"i":{"x":[0.833],"y":[0.833]},"o":{"x":[0.167],"y":[0.167]},"t":134.82,"s":[13]},{"t":192.00000782032,"s":[-25]}],"ix":10},"p":{"a":1,"k":[{"i":{"x":0.833,"y":0.833},"o":{"x":0.167,"y":0.167},"t":3,"s":[59.306,-8.316,0],"to":[-32.495,10.623,0],"ti":[5.013,-41.199,0]},{"i":{"x":0.833,"y":0.833},"o":{"x":0.167,"y":0.167},"t":42,"s":[46.591,80.844,0],"to":[-5.013,41.199,0],"ti":[30.071,-84.757,0]},{"i":{"x":0.833,"y":0.833},"o":{"x":0.167,"y":0.167},"t":87.526,"s":[54.043,244.404,0],"to":[-1.893,5.336,0],"ti":[1.533,-5.544,0]},{"i":{"x":0.833,"y":0.833},"o":{"x":0.167,"y":0.167},"t":92.931,"s":[43.903,264.742,0],"to":[-12.153,43.967,0],"ti":[-11.568,-37.796,0]},{"i":{"x":0.833,"y":0.833},"o":{"x":0.167,"y":0.167},"t":134.82,"s":[64.563,417.939,0],"to":[45.076,147.28,0],"ti":[2.491,-9.36,0]},{"t":192.00000782032,"s":[29.5,700.5,0]}],"ix":2,"l":2},"a":{"a":0,"k":[-84.5,-256.312,0],"ix":1,"l":2},"s":{"a":0,"k":[150,150,100],"ix":6,"l":2}},"ao":0,"shapes":[{"ty":"gr","it":[{"d":1,"ty":"el","s":{"a":0,"k":[13.793,13.793],"ix":2},"p":{"a":0,"k":[0,0],"ix":3},"nm":"Ellipse Path 1","mn":"ADBE Vector Shape - Ellipse","hd":false},{"ty":"fl","c":{"a":0,"k":[0.937254961799,0.545098039216,0.741176470588,1],"ix":4},"o":{"a":0,"k":100,"ix":5},"r":1,"bm":0,"nm":"Fill 1","mn":"ADBE Vector Graphic - Fill","hd":false},{"ty":"tr","p":{"a":0,"k":[-84.604,-263.104],"ix":2},"a":{"a":0,"k":[0,0],"ix":1},"s":{"a":0,"k":[100,100],"ix":3},"r":{"a":0,"k":0,"ix":6},"o":{"a":0,"k":100,"ix":7},"sk":{"a":0,"k":0,"ix":4},"sa":{"a":0,"k":0,"ix":5},"nm":"Transform"}],"nm":"Ellipse 1","np":3,"cix":2,"bm":0,"ix":1,"mn":"ADBE Vector Group","hd":false}],"ip":0,"op":342.000013929946,"st":0,"bm":0},{"ddd":0,"ind":13,"ty":4,"nm":"Piece8","sr":1,"ks":{"o":{"a":1,"k":[{"i":{"x":[0.833],"y":[0.833]},"o":{"x":[0.167],"y":[0.167]},"t":247.758,"s":[100]},{"t":299.00001217852,"s":[0]}],"ix":11},"r":{"a":1,"k":[{"i":{"x":[0.833],"y":[0.833]},"o":{"x":[0.167],"y":[0.167]},"t":116,"s":[0]},{"i":{"x":[0.833],"y":[0.833]},"o":{"x":[0.167],"y":[0.167]},"t":119,"s":[-38]},{"i":{"x":[0.833],"y":[0.833]},"o":{"x":[0.167],"y":[0.167]},"t":124,"s":[-4]},{"i":{"x":[0.833],"y":[0.833]},"o":{"x":[0.167],"y":[0.167]},"t":141,"s":[46]},{"i":{"x":[0.833],"y":[0.833]},"o":{"x":[0.167],"y":[0.167]},"t":205.374,"s":[-26]},{"i":{"x":[0.833],"y":[0.833]},"o":{"x":[0.167],"y":[0.167]},"t":247.758,"s":[13]},{"t":299.00001217852,"s":[-25]}],"ix":10},"p":{"a":1,"k":[{"i":{"x":0.833,"y":0.833},"o":{"x":0.167,"y":0.167},"t":116,"s":[238.587,-4.738,0],"to":[2.32,2.414,0],"ti":[-9.01,-10.746,0]},{"i":{"x":0.833,"y":0.833},"o":{"x":0.167,"y":0.167},"t":119,"s":[241.556,1.684,0],"to":[9.01,10.746,0],"ti":[-3.676,-37.448,0]},{"i":{"x":0.833,"y":0.833},"o":{"x":0.167,"y":0.167},"t":141,"s":[272.341,58.594,0],"to":[3.676,37.448,0],"ti":[15.44,-62.824,0]},{"i":{"x":0.833,"y":0.833},"o":{"x":0.167,"y":0.167},"t":205.374,"s":[242.043,262.404,0],"to":[-12.552,51.074,0],"ti":[-13.026,-42.562,0]},{"i":{"x":0.833,"y":0.833},"o":{"x":0.167,"y":0.167},"t":247.758,"s":[282.563,413.939,0],"to":[45.076,147.28,0],"ti":[2.491,-9.36,0]},{"t":299.00001217852,"s":[88.5,703.5,0]}],"ix":2,"l":2},"a":{"a":0,"k":[19.007,-68.245,0],"ix":1,"l":2},"s":{"a":0,"k":[117.988,100,100],"ix":6,"l":2}},"ao":0,"shapes":[{"ty":"gr","it":[{"ty":"rc","d":1,"s":{"a":0,"k":[129.299,129.299],"ix":2},"p":{"a":0,"k":[0,0],"ix":3},"r":{"a":0,"k":20,"ix":4},"nm":"Rectangle Path 1","mn":"ADBE Vector Shape - Rect","hd":false},{"ty":"fl","c":{"a":0,"k":[0.474509833841,0.917647118662,0.768627510819,1],"ix":4},"o":{"a":0,"k":100,"ix":5},"r":1,"bm":0,"nm":"Fill 1","mn":"ADBE Vector Graphic - Fill","hd":false},{"ty":"tr","p":{"a":0,"k":[18.649,-81.351],"ix":2},"a":{"a":0,"k":[0,0],"ix":1},"s":{"a":0,"k":[19.54,20.742],"ix":3},"r":{"a":0,"k":0,"ix":6},"o":{"a":0,"k":100,"ix":7},"sk":{"a":0,"k":0,"ix":4},"sa":{"a":0,"k":0,"ix":5},"nm":"Transform"}],"nm":"Rectangle 2","np":3,"cix":2,"bm":0,"ix":1,"mn":"ADBE Vector Group","hd":false}],"ip":116.000004724777,"op":342.000013929946,"st":116.000004724777,"bm":0},{"ddd":0,"ind":14,"ty":4,"nm":"Piece7","sr":1,"ks":{"o":{"a":1,"k":[{"i":{"x":[0.833],"y":[0.833]},"o":{"x":[0.167],"y":[0.167]},"t":138.039,"s":[100]},{"t":191.000007779589,"s":[0]}],"ix":11},"r":{"a":1,"k":[{"i":{"x":[0.833],"y":[0.833]},"o":{"x":[0.167],"y":[0.167]},"t":30,"s":[0]},{"i":{"x":[0.833],"y":[0.833]},"o":{"x":[0.167],"y":[0.167]},"t":31,"s":[-38]},{"i":{"x":[0.833],"y":[0.833]},"o":{"x":[0.167],"y":[0.167]},"t":33,"s":[-4]},{"i":{"x":[0.833],"y":[0.833]},"o":{"x":[0.167],"y":[0.167]},"t":50,"s":[46]},{"i":{"x":[0.833],"y":[0.833]},"o":{"x":[0.167],"y":[0.167]},"t":94.02,"s":[-26]},{"i":{"x":[0.833],"y":[0.833]},"o":{"x":[0.167],"y":[0.167]},"t":138.039,"s":[13]},{"t":191.000007779589,"s":[-25]}],"ix":10},"p":{"a":1,"k":[{"i":{"x":0.833,"y":0.833},"o":{"x":0.167,"y":0.167},"t":30,"s":[130,-33,0],"to":[3.492,2.575,0],"ti":[-3.967,-7.058,0]},{"i":{"x":0.833,"y":0.833},"o":{"x":0.167,"y":0.167},"t":31,"s":[158.337,-20.488,0],"to":[3.967,7.058,0],"ti":[-2.255,-8.684,0]},{"i":{"x":0.833,"y":0.833},"o":{"x":0.167,"y":0.167},"t":33,"s":[182.306,14.684,0],"to":[2.255,8.684,0],"ti":[-8.612,-14.949,0]},{"i":{"x":0.833,"y":0.833},"o":{"x":0.167,"y":0.167},"t":50,"s":[190.591,67.844,0],"to":[8.31,14.424,0],"ti":[30.071,-84.757,0]},{"i":{"x":0.833,"y":0.833},"o":{"x":0.167,"y":0.167},"t":94.02,"s":[222.043,250.404,0],"to":[-11.804,33.27,0],"ti":[11.237,-32.028,0]},{"i":{"x":0.833,"y":0.833},"o":{"x":0.167,"y":0.167},"t":127.74,"s":[176.315,347.134,0],"to":[-4.858,13.846,0],"ti":[-3.932,-12.846,0]},{"i":{"x":0.833,"y":0.833},"o":{"x":0.167,"y":0.167},"t":138.039,"s":[168.563,389.939,0],"to":[45.076,147.28,0],"ti":[2.491,-9.36,0]},{"t":191.000007779589,"s":[167.5,654.5,0]}],"ix":2,"l":2},"a":{"a":0,"k":[19.007,-68.245,0],"ix":1,"l":2},"s":{"a":0,"k":[114.388,100,100],"ix":6,"l":2}},"ao":0,"shapes":[{"ty":"gr","it":[{"ty":"rc","d":1,"s":{"a":0,"k":[129.299,129.299],"ix":2},"p":{"a":0,"k":[0,0],"ix":3},"r":{"a":0,"k":20,"ix":4},"nm":"Rectangle Path 1","mn":"ADBE Vector Shape - Rect","hd":false},{"ty":"fl","c":{"a":0,"k":[0.545098039216,0.713725490196,0.937254961799,1],"ix":4},"o":{"a":0,"k":100,"ix":5},"r":1,"bm":0,"nm":"Fill 1","mn":"ADBE Vector Graphic - Fill","hd":false},{"ty":"tr","p":{"a":0,"k":[18.649,-81.351],"ix":2},"a":{"a":0,"k":[0,0],"ix":1},"s":{"a":0,"k":[19.54,20.742],"ix":3},"r":{"a":0,"k":0,"ix":6},"o":{"a":0,"k":100,"ix":7},"sk":{"a":0,"k":0,"ix":4},"sa":{"a":0,"k":0,"ix":5},"nm":"Transform"}],"nm":"Rectangle 2","np":3,"cix":2,"bm":0,"ix":1,"mn":"ADBE Vector Group","hd":false}],"ip":30.0000012219251,"op":342.000013929946,"st":30.0000012219251,"bm":0},{"ddd":0,"ind":15,"ty":4,"nm":"Piece6","sr":1,"ks":{"o":{"a":1,"k":[{"i":{"x":[0.833],"y":[0.833]},"o":{"x":[0.167],"y":[0.167]},"t":203,"s":[100]},{"t":239.00000973467,"s":[0]}],"ix":11},"r":{"a":1,"k":[{"i":{"x":[0.833],"y":[0.833]},"o":{"x":[0.167],"y":[0.167]},"t":127,"s":[-4]},{"i":{"x":[0.833],"y":[0.833]},"o":{"x":[0.167],"y":[0.167]},"t":144,"s":[46]},{"i":{"x":[0.833],"y":[0.833]},"o":{"x":[0.167],"y":[0.167]},"t":177,"s":[-26]},{"i":{"x":[0.833],"y":[0.833]},"o":{"x":[0.167],"y":[0.167]},"t":203,"s":[13]},{"t":239.00000973467,"s":[-25]}],"ix":10},"p":{"a":1,"k":[{"i":{"x":0.833,"y":0.833},"o":{"x":0.167,"y":0.167},"t":127,"s":[96.306,-6.316,0],"to":[26.505,-0.377,0],"ti":[-3.987,-16.199,0]},{"i":{"x":0.833,"y":0.833},"o":{"x":0.167,"y":0.167},"t":144,"s":[137.591,61.844,0],"to":[3.979,16.164,0],"ti":[30.071,-84.757,0]},{"i":{"x":0.833,"y":0.833},"o":{"x":0.167,"y":0.167},"t":177,"s":[129.043,246.404,0],"to":[-16.907,47.653,0],"ti":[-13.026,-42.562,0]},{"i":{"x":0.833,"y":0.833},"o":{"x":0.167,"y":0.167},"t":203,"s":[122.563,393.939,0],"to":[45.076,147.28,0],"ti":[2.491,-9.36,0]},{"t":239.00000973467,"s":[88.5,703.5,0]}],"ix":2,"l":2},"a":{"a":0,"k":[19.007,-68.245,0],"ix":1,"l":2},"s":{"a":0,"k":[100,100,100],"ix":6,"l":2}},"ao":0,"shapes":[{"ty":"gr","it":[{"ty":"rc","d":1,"s":{"a":0,"k":[129.299,129.299],"ix":2},"p":{"a":0,"k":[0,0],"ix":3},"r":{"a":0,"k":20,"ix":4},"nm":"Rectangle Path 1","mn":"ADBE Vector Shape - Rect","hd":false},{"ty":"fl","c":{"a":0,"k":[1,0.886274569642,0.400000029919,1],"ix":4},"o":{"a":0,"k":100,"ix":5},"r":1,"bm":0,"nm":"Fill 1","mn":"ADBE Vector Graphic - Fill","hd":false},{"ty":"tr","p":{"a":0,"k":[18.649,-81.351],"ix":2},"a":{"a":0,"k":[0,0],"ix":1},"s":{"a":0,"k":[19.54,20.742],"ix":3},"r":{"a":0,"k":0,"ix":6},"o":{"a":0,"k":100,"ix":7},"sk":{"a":0,"k":0,"ix":4},"sa":{"a":0,"k":0,"ix":5},"nm":"Transform"}],"nm":"Rectangle 2","np":3,"cix":2,"bm":0,"ix":1,"mn":"ADBE Vector Group","hd":false}],"ip":92.0000037472368,"op":342.000013929946,"st":92.0000037472368,"bm":0},{"ddd":0,"ind":16,"ty":4,"nm":"Piece5","sr":1,"ks":{"o":{"a":1,"k":[{"i":{"x":[0.833],"y":[0.833]},"o":{"x":[0.167],"y":[0.167]},"t":246.418,"s":[100]},{"t":299.272512189619,"s":[0]}],"ix":11},"r":{"a":1,"k":[{"i":{"x":[0.833],"y":[0.833]},"o":{"x":[0.167],"y":[0.167]},"t":137,"s":[-4]},{"i":{"x":[0.833],"y":[0.833]},"o":{"x":[0.167],"y":[0.167]},"t":163.428,"s":[-87]},{"i":{"x":[0.833],"y":[0.833]},"o":{"x":[0.167],"y":[0.167]},"t":206,"s":[-62]},{"i":{"x":[0.833],"y":[0.833]},"o":{"x":[0.167],"y":[0.167]},"t":246.418,"s":[78]},{"i":{"x":[0.833],"y":[0.833]},"o":{"x":[0.167],"y":[0.167]},"t":275.954,"s":[60.639]},{"t":299.272512189619,"s":[-25]}],"ix":10},"p":{"a":1,"k":[{"i":{"x":0.833,"y":0.833},"o":{"x":0.167,"y":0.167},"t":137,"s":[68.306,-16.316,0],"to":[-33.495,27.623,0],"ti":[-3.987,-16.199,0]},{"i":{"x":0.833,"y":0.833},"o":{"x":0.167,"y":0.167},"t":163.428,"s":[67.591,61.844,0],"to":[3.979,16.164,0],"ti":[30.071,-84.757,0]},{"i":{"x":0.833,"y":0.833},"o":{"x":0.167,"y":0.167},"t":206,"s":[60.043,154.404,0],"to":[-16.907,47.653,0],"ti":[-43.829,-67.855,0]},{"i":{"x":0.833,"y":0.833},"o":{"x":0.167,"y":0.167},"t":246.418,"s":[58.563,310.939,0],"to":[55.356,85.701,0],"ti":[-61.509,-127.36,0]},{"t":299.272512189619,"s":[43.5,616.5,0]}],"ix":2,"l":2},"a":{"a":0,"k":[19.007,-68.245,0],"ix":1,"l":2},"s":{"a":0,"k":[100,100,100],"ix":6,"l":2}},"ao":0,"shapes":[{"ty":"gr","it":[{"ty":"rc","d":1,"s":{"a":0,"k":[129.299,129.299],"ix":2},"p":{"a":0,"k":[0,0],"ix":3},"r":{"a":0,"k":20,"ix":4},"nm":"Rectangle Path 1","mn":"ADBE Vector Shape - Rect","hd":false},{"ty":"fl","c":{"a":0,"k":[0.545098039216,0.713725490196,0.937254961799,1],"ix":4},"o":{"a":0,"k":100,"ix":5},"r":1,"bm":0,"nm":"Fill 1","mn":"ADBE Vector Graphic - Fill","hd":false},{"ty":"tr","p":{"a":0,"k":[18.649,-81.351],"ix":2},"a":{"a":0,"k":[0,0],"ix":1},"s":{"a":0,"k":[19.54,20.742],"ix":3},"r":{"a":0,"k":0,"ix":6},"o":{"a":0,"k":100,"ix":7},"sk":{"a":0,"k":0,"ix":4},"sa":{"a":0,"k":0,"ix":5},"nm":"Transform"}],"nm":"Rectangle 2","np":3,"cix":2,"bm":0,"ix":1,"mn":"ADBE Vector Group","hd":false}],"ip":131.000005335739,"op":342.000013929946,"st":131.000005335739,"bm":0},{"ddd":0,"ind":17,"ty":4,"nm":"Circle 13","sr":1,"ks":{"o":{"a":1,"k":[{"i":{"x":[0.833],"y":[0.833]},"o":{"x":[0.167],"y":[0.167]},"t":208,"s":[100]},{"t":242.000009856862,"s":[0]}],"ix":11},"r":{"a":1,"k":[{"i":{"x":[0.833],"y":[0.833]},"o":{"x":[0.167],"y":[0.167]},"t":132,"s":[-4]},{"i":{"x":[0.833],"y":[0.833]},"o":{"x":[0.167],"y":[0.167]},"t":149,"s":[-87]},{"i":{"x":[0.833],"y":[0.833]},"o":{"x":[0.167],"y":[0.167]},"t":182,"s":[-62]},{"i":{"x":[0.833],"y":[0.833]},"o":{"x":[0.167],"y":[0.167]},"t":208,"s":[78]},{"i":{"x":[0.833],"y":[0.833]},"o":{"x":[0.167],"y":[0.167]},"t":227,"s":[60.639]},{"t":242.000009856862,"s":[-25]}],"ix":10},"p":{"a":1,"k":[{"i":{"x":0.833,"y":0.833},"o":{"x":0.167,"y":0.167},"t":132,"s":[58.306,-13.316,0],"to":[10.505,13.123,0],"ti":[-3.987,-16.199,0]},{"i":{"x":0.833,"y":0.833},"o":{"x":0.167,"y":0.167},"t":149,"s":[50.841,33.594,0],"to":[3.979,16.164,0],"ti":[30.071,-84.757,0]},{"i":{"x":0.833,"y":0.833},"o":{"x":0.167,"y":0.167},"t":182,"s":[48.043,180.904,0],"to":[-16.907,47.653,0],"ti":[-9.217,-80.252,0]},{"i":{"x":0.833,"y":0.833},"o":{"x":0.167,"y":0.167},"t":208,"s":[68.563,386.939,0],"to":[15.356,133.701,0],"ti":[-9.509,-173.36,0]},{"t":242.000009856862,"s":[49.5,702.5,0]}],"ix":2,"l":2},"a":{"a":0,"k":[-84.5,-256.312,0],"ix":1,"l":2},"s":{"a":0,"k":[50,50,100],"ix":6,"l":2}},"ao":0,"shapes":[{"ty":"gr","it":[{"d":1,"ty":"el","s":{"a":0,"k":[13.793,13.793],"ix":2},"p":{"a":0,"k":[0,0],"ix":3},"nm":"Ellipse Path 1","mn":"ADBE Vector Shape - Ellipse","hd":false},{"ty":"fl","c":{"a":0,"k":[0.474509833841,0.917647118662,0.768627510819,1],"ix":4},"o":{"a":0,"k":100,"ix":5},"r":1,"bm":0,"nm":"Fill 1","mn":"ADBE Vector Graphic - Fill","hd":false},{"ty":"tr","p":{"a":0,"k":[-84.604,-263.104],"ix":2},"a":{"a":0,"k":[0,0],"ix":1},"s":{"a":0,"k":[100,100],"ix":3},"r":{"a":0,"k":0,"ix":6},"o":{"a":0,"k":100,"ix":7},"sk":{"a":0,"k":0,"ix":4},"sa":{"a":0,"k":0,"ix":5},"nm":"Transform"}],"nm":"Ellipse 1","np":3,"cix":2,"bm":0,"ix":1,"mn":"ADBE Vector Group","hd":false}],"ip":115.000004684046,"op":342.000013929946,"st":115.000004684046,"bm":0},{"ddd":0,"ind":18,"ty":4,"nm":"Circle 12","sr":1,"ks":{"o":{"a":1,"k":[{"i":{"x":[0.833],"y":[0.833]},"o":{"x":[0.167],"y":[0.167]},"t":180,"s":[100]},{"t":214.000008716399,"s":[0]}],"ix":11},"r":{"a":1,"k":[{"i":{"x":[0.833],"y":[0.833]},"o":{"x":[0.167],"y":[0.167]},"t":104,"s":[-4]},{"i":{"x":[0.833],"y":[0.833]},"o":{"x":[0.167],"y":[0.167]},"t":121,"s":[-87]},{"i":{"x":[0.833],"y":[0.833]},"o":{"x":[0.167],"y":[0.167]},"t":154,"s":[-62]},{"i":{"x":[0.833],"y":[0.833]},"o":{"x":[0.167],"y":[0.167]},"t":180,"s":[78]},{"i":{"x":[0.833],"y":[0.833]},"o":{"x":[0.167],"y":[0.167]},"t":199,"s":[60.639]},{"t":214.000008716399,"s":[-25]}],"ix":10},"p":{"a":1,"k":[{"i":{"x":0.833,"y":0.833},"o":{"x":0.167,"y":0.167},"t":104,"s":[172.306,-15.316,0],"to":[10.505,13.123,0],"ti":[-3.987,-16.199,0]},{"i":{"x":0.833,"y":0.833},"o":{"x":0.167,"y":0.167},"t":121,"s":[170.841,31.594,0],"to":[3.979,16.164,0],"ti":[30.071,-84.757,0]},{"i":{"x":0.833,"y":0.833},"o":{"x":0.167,"y":0.167},"t":154,"s":[174.043,184.904,0],"to":[-16.907,47.653,0],"ti":[-9.217,-80.252,0]},{"i":{"x":0.833,"y":0.833},"o":{"x":0.167,"y":0.167},"t":180,"s":[180.563,390.939,0],"to":[15.356,133.701,0],"ti":[-9.509,-173.36,0]},{"t":214.000008716399,"s":[155.5,706.5,0]}],"ix":2,"l":2},"a":{"a":0,"k":[-84.5,-256.312,0],"ix":1,"l":2},"s":{"a":0,"k":[50,50,100],"ix":6,"l":2}},"ao":0,"shapes":[{"ty":"gr","it":[{"d":1,"ty":"el","s":{"a":0,"k":[13.793,13.793],"ix":2},"p":{"a":0,"k":[0,0],"ix":3},"nm":"Ellipse Path 1","mn":"ADBE Vector Shape - Ellipse","hd":false},{"ty":"fl","c":{"a":0,"k":[0.545098039216,0.713725490196,0.937254961799,1],"ix":4},"o":{"a":0,"k":100,"ix":5},"r":1,"bm":0,"nm":"Fill 1","mn":"ADBE Vector Graphic - Fill","hd":false},{"ty":"tr","p":{"a":0,"k":[-84.604,-263.104],"ix":2},"a":{"a":0,"k":[0,0],"ix":1},"s":{"a":0,"k":[100,100],"ix":3},"r":{"a":0,"k":0,"ix":6},"o":{"a":0,"k":100,"ix":7},"sk":{"a":0,"k":0,"ix":4},"sa":{"a":0,"k":0,"ix":5},"nm":"Transform"}],"nm":"Ellipse 1","np":3,"cix":2,"bm":0,"ix":1,"mn":"ADBE Vector Group","hd":false}],"ip":87.0000035435826,"op":342.000013929946,"st":87.0000035435826,"bm":0},{"ddd":0,"ind":19,"ty":4,"nm":"Circle 5","sr":1,"ks":{"o":{"a":1,"k":[{"i":{"x":[0.833],"y":[0.833]},"o":{"x":[0.167],"y":[0.167]},"t":154,"s":[100]},{"t":188.000007657397,"s":[0]}],"ix":11},"r":{"a":1,"k":[{"i":{"x":[0.833],"y":[0.833]},"o":{"x":[0.167],"y":[0.167]},"t":78,"s":[-4]},{"i":{"x":[0.833],"y":[0.833]},"o":{"x":[0.167],"y":[0.167]},"t":95,"s":[-87]},{"i":{"x":[0.833],"y":[0.833]},"o":{"x":[0.167],"y":[0.167]},"t":128,"s":[-62]},{"i":{"x":[0.833],"y":[0.833]},"o":{"x":[0.167],"y":[0.167]},"t":154,"s":[78]},{"i":{"x":[0.833],"y":[0.833]},"o":{"x":[0.167],"y":[0.167]},"t":173,"s":[60.639]},{"t":188.000007657397,"s":[-25]}],"ix":10},"p":{"a":1,"k":[{"i":{"x":0.833,"y":0.833},"o":{"x":0.167,"y":0.167},"t":78,"s":[256.306,-8.316,0],"to":[26.505,-0.377,0],"ti":[-3.987,-16.199,0]},{"i":{"x":0.833,"y":0.833},"o":{"x":0.167,"y":0.167},"t":95,"s":[295.591,47.844,0],"to":[3.979,16.164,0],"ti":[30.071,-84.757,0]},{"i":{"x":0.833,"y":0.833},"o":{"x":0.167,"y":0.167},"t":128,"s":[280.043,200.404,0],"to":[-16.907,47.653,0],"ti":[-9.217,-80.252,0]},{"i":{"x":0.833,"y":0.833},"o":{"x":0.167,"y":0.167},"t":154,"s":[222.563,390.939,0],"to":[15.356,133.701,0],"ti":[-9.509,-173.36,0]},{"t":188.000007657397,"s":[343.5,698.5,0]}],"ix":2,"l":2},"a":{"a":0,"k":[-84.5,-256.312,0],"ix":1,"l":2},"s":{"a":0,"k":[50,50,100],"ix":6,"l":2}},"ao":0,"shapes":[{"ty":"gr","it":[{"d":1,"ty":"el","s":{"a":0,"k":[13.793,13.793],"ix":2},"p":{"a":0,"k":[0,0],"ix":3},"nm":"Ellipse Path 1","mn":"ADBE Vector Shape - Ellipse","hd":false},{"ty":"fl","c":{"a":0,"k":[1,0.886274569642,0.400000029919,1],"ix":4},"o":{"a":0,"k":100,"ix":5},"r":1,"bm":0,"nm":"Fill 1","mn":"ADBE Vector Graphic - Fill","hd":false},{"ty":"tr","p":{"a":0,"k":[-84.604,-263.104],"ix":2},"a":{"a":0,"k":[0,0],"ix":1},"s":{"a":0,"k":[100,100],"ix":3},"r":{"a":0,"k":0,"ix":6},"o":{"a":0,"k":100,"ix":7},"sk":{"a":0,"k":0,"ix":4},"sa":{"a":0,"k":0,"ix":5},"nm":"Transform"}],"nm":"Ellipse 1","np":3,"cix":2,"bm":0,"ix":1,"mn":"ADBE Vector Group","hd":false}],"ip":61.0000024845809,"op":342.000013929946,"st":61.0000024845809,"bm":0},{"ddd":0,"ind":20,"ty":4,"nm":"Circle 4","sr":1,"ks":{"o":{"a":1,"k":[{"i":{"x":[0.833],"y":[0.833]},"o":{"x":[0.167],"y":[0.167]},"t":179,"s":[100]},{"t":215.00000875713,"s":[0]}],"ix":11},"r":{"a":1,"k":[{"i":{"x":[0.833],"y":[0.833]},"o":{"x":[0.167],"y":[0.167]},"t":103,"s":[-4]},{"i":{"x":[0.833],"y":[0.833]},"o":{"x":[0.167],"y":[0.167]},"t":120,"s":[46]},{"i":{"x":[0.833],"y":[0.833]},"o":{"x":[0.167],"y":[0.167]},"t":153,"s":[-26]},{"i":{"x":[0.833],"y":[0.833]},"o":{"x":[0.167],"y":[0.167]},"t":179,"s":[13]},{"t":215.00000875713,"s":[-25]}],"ix":10},"p":{"a":1,"k":[{"i":{"x":0.833,"y":0.833},"o":{"x":0.167,"y":0.167},"t":103,"s":[42.306,-9.316,0],"to":[0,0,0],"ti":[5.591,-38.156,0]},{"i":{"x":0.833,"y":0.833},"o":{"x":0.167,"y":0.167},"t":120,"s":[83.591,58.844,0],"to":[-5.591,38.156,0],"ti":[30.071,-84.757,0]},{"i":{"x":0.833,"y":0.833},"o":{"x":0.167,"y":0.167},"t":153,"s":[49.043,234.404,0],"to":[-16.907,47.653,0],"ti":[-13.026,-42.562,0]},{"i":{"x":0.833,"y":0.833},"o":{"x":0.167,"y":0.167},"t":179,"s":[64.563,393.939,0],"to":[45.076,147.28,0],"ti":[2.491,-9.36,0]},{"t":215.00000875713,"s":[30.5,703.5,0]}],"ix":2,"l":2},"a":{"a":0,"k":[-84.5,-256.312,0],"ix":1,"l":2},"s":{"a":0,"k":[50,50,100],"ix":6,"l":2}},"ao":0,"shapes":[{"ty":"gr","it":[{"d":1,"ty":"el","s":{"a":0,"k":[13.793,13.793],"ix":2},"p":{"a":0,"k":[0,0],"ix":3},"nm":"Ellipse Path 1","mn":"ADBE Vector Shape - Ellipse","hd":false},{"ty":"fl","c":{"a":0,"k":[1,0.647058823529,0.521568627451,1],"ix":4},"o":{"a":0,"k":100,"ix":5},"r":1,"bm":0,"nm":"Fill 1","mn":"ADBE Vector Graphic - Fill","hd":false},{"ty":"tr","p":{"a":0,"k":[-84.604,-263.104],"ix":2},"a":{"a":0,"k":[0,0],"ix":1},"s":{"a":0,"k":[100,100],"ix":3},"r":{"a":0,"k":0,"ix":6},"o":{"a":0,"k":100,"ix":7},"sk":{"a":0,"k":0,"ix":4},"sa":{"a":0,"k":0,"ix":5},"nm":"Transform"}],"nm":"Ellipse 1","np":3,"cix":2,"bm":0,"ix":1,"mn":"ADBE Vector Group","hd":false}],"ip":95.0000038694293,"op":342.000013929946,"st":95.0000038694293,"bm":0},{"ddd":0,"ind":21,"ty":4,"nm":"Circle 1","sr":1,"ks":{"o":{"a":1,"k":[{"i":{"x":[0.833],"y":[0.833]},"o":{"x":[0.167],"y":[0.167]},"t":174.583,"s":[100]},{"t":231.000009408823,"s":[0]}],"ix":11},"r":{"a":1,"k":[{"i":{"x":[0.833],"y":[0.833]},"o":{"x":[0.167],"y":[0.167]},"t":41,"s":[0]},{"i":{"x":[0.833],"y":[0.833]},"o":{"x":[0.167],"y":[0.167]},"t":44,"s":[-38]},{"i":{"x":[0.833],"y":[0.833]},"o":{"x":[0.167],"y":[0.167]},"t":66,"s":[-4]},{"i":{"x":[0.833],"y":[0.833]},"o":{"x":[0.167],"y":[0.167]},"t":83,"s":[46]},{"i":{"x":[0.833],"y":[0.833]},"o":{"x":[0.167],"y":[0.167]},"t":127.919,"s":[-26]},{"i":{"x":[0.833],"y":[0.833]},"o":{"x":[0.167],"y":[0.167]},"t":174.583,"s":[13]},{"t":231.000009408823,"s":[-25]}],"ix":10},"p":{"a":1,"k":[{"i":{"x":0.833,"y":0.833},"o":{"x":0.167,"y":0.167},"t":44,"s":[96.306,-6.316,0],"to":[26.505,-0.377,0],"ti":[-3.987,-16.199,0]},{"i":{"x":0.833,"y":0.833},"o":{"x":0.167,"y":0.167},"t":83,"s":[137.591,61.844,0],"to":[3.979,16.164,0],"ti":[30.071,-84.757,0]},{"i":{"x":0.833,"y":0.833},"o":{"x":0.167,"y":0.167},"t":127.919,"s":[129.043,246.404,0],"to":[-16.907,47.653,0],"ti":[-13.026,-42.562,0]},{"i":{"x":0.833,"y":0.833},"o":{"x":0.167,"y":0.167},"t":174.583,"s":[122.563,393.939,0],"to":[45.076,147.28,0],"ti":[2.491,-9.36,0]},{"t":231.000009408823,"s":[88.5,703.5,0]}],"ix":2,"l":2},"a":{"a":0,"k":[-84.5,-256.312,0],"ix":1,"l":2},"s":{"a":0,"k":[150,150,100],"ix":6,"l":2}},"ao":0,"shapes":[{"ty":"gr","it":[{"d":1,"ty":"el","s":{"a":0,"k":[13.793,13.793],"ix":2},"p":{"a":0,"k":[0,0],"ix":3},"nm":"Ellipse Path 1","mn":"ADBE Vector Shape - Ellipse","hd":false},{"ty":"fl","c":{"a":0,"k":[0.470588265213,0.917647118662,0.768627510819,1],"ix":4},"o":{"a":0,"k":100,"ix":5},"r":1,"bm":0,"nm":"Fill 1","mn":"ADBE Vector Graphic - Fill","hd":false},{"ty":"tr","p":{"a":0,"k":[-84.604,-263.104],"ix":2},"a":{"a":0,"k":[0,0],"ix":1},"s":{"a":0,"k":[100,100],"ix":3},"r":{"a":0,"k":0,"ix":6},"o":{"a":0,"k":100,"ix":7},"sk":{"a":0,"k":0,"ix":4},"sa":{"a":0,"k":0,"ix":5},"nm":"Transform"}],"nm":"Ellipse 1","np":3,"cix":2,"bm":0,"ix":1,"mn":"ADBE Vector Group","hd":false}],"ip":41.0000016699642,"op":364.000014826024,"st":41.0000016699642,"bm":0}]},{"id":"comp_2","nm":"Line","layers":[{"ddd":0,"ind":1,"ty":4,"nm":"Line Left 1","sr":1,"ks":{"o":{"a":0,"k":100,"ix":11},"r":{"a":0,"k":0,"ix":10},"p":{"a":0,"k":[180,360,0],"ix":2,"l":2},"a":{"a":0,"k":[0,0,0],"ix":1,"l":2},"s":{"a":0,"k":[100,100,100],"ix":6,"l":2}},"ao":0,"shapes":[{"ty":"gr","it":[{"ind":0,"ty":"sh","ix":1,"ks":{"a":0,"k":{"i":[[0,0],[1.843,70.04],[37,-28],[-72,15],[54,45],[-2.286,40.383],[-70,87]],"o":[[0,0],[-1,-38],[-36.086,27.309],[72,-15],[-39.837,-33.197],[3,-53],[36.321,-45.142]],"v":[[-189,37],[-48,-79],[-135,-114],[-79,-23],[-48,-175],[-24,-294],[14,-438]],"c":false},"ix":2},"nm":"Path 1","mn":"ADBE Vector Shape - Group","hd":false},{"ty":"gs","o":{"a":0,"k":100,"ix":9},"w":{"a":1,"k":[{"i":{"x":[0.888],"y":[1.001]},"o":{"x":[0.994],"y":[0.003]},"t":1,"s":[20]},{"t":19.0000007738859,"s":[8]}],"ix":10},"g":{"p":3,"k":{"a":0,"k":[0,0.471,0.918,0.769,0.5,0.259,0.693,0.613,0.999,0.048,0.469,0.458],"ix":8}},"s":{"a":0,"k":[0,0],"ix":4},"e":{"a":0,"k":[100,0],"ix":5},"t":1,"lc":1,"lj":1,"ml":4,"ml2":{"a":0,"k":4,"ix":13},"bm":0,"nm":"Gradient Stroke 1","mn":"ADBE Vector Graphic - G-Stroke","hd":false},{"ty":"tr","p":{"a":0,"k":[0,0],"ix":2},"a":{"a":0,"k":[0,0],"ix":1},"s":{"a":0,"k":[100,100],"ix":3},"r":{"a":0,"k":0,"ix":6},"o":{"a":0,"k":100,"ix":7},"sk":{"a":0,"k":0,"ix":4},"sa":{"a":0,"k":0,"ix":5},"nm":"Transform"}],"nm":"Shape 1","np":3,"cix":2,"bm":0,"ix":1,"mn":"ADBE Vector Group","hd":false},{"ty":"tm","s":{"a":1,"k":[{"i":{"x":[0.667],"y":[1]},"o":{"x":[0.333],"y":[0]},"t":4,"s":[0]},{"t":19.0000007738859,"s":[100]}],"ix":1},"e":{"a":1,"k":[{"i":{"x":[0.667],"y":[1]},"o":{"x":[0.333],"y":[0]},"t":1,"s":[0]},{"t":17.0000006924242,"s":[100]}],"ix":2},"o":{"a":0,"k":0,"ix":3},"m":1,"ix":2,"nm":"Trim Paths 1","mn":"ADBE Vector Filter - Trim","hd":false}],"ip":1.00000004073083,"op":34.0000013848484,"st":1.00000004073083,"bm":0},{"ddd":0,"ind":2,"ty":4,"nm":"Line Left 2","sr":1,"ks":{"o":{"a":0,"k":100,"ix":11},"r":{"a":0,"k":0,"ix":10},"p":{"a":0,"k":[180,360,0],"ix":2,"l":2},"a":{"a":0,"k":[0,0,0],"ix":1,"l":2},"s":{"a":0,"k":[100,100,100],"ix":6,"l":2}},"ao":0,"shapes":[{"ty":"gr","it":[{"ind":0,"ty":"sh","ix":1,"ks":{"a":0,"k":{"i":[[0,0],[23,73],[-11,-25],[26.5,42.4],[-33.906,23.31],[-11.378,20.385],[-32,16]],"o":[[0,0],[-23,-73],[11,25],[-15,-24],[32,-22],[24,-43],[32,-16]],"v":[[-187,51],[-94,-81],[-168,-91],[-134,-142],[-138,-224],[-72,-301],[-57,-417]],"c":false},"ix":2},"nm":"Path 1","mn":"ADBE Vector Shape - Group","hd":false},{"ty":"gs","o":{"a":0,"k":100,"ix":9},"w":{"a":0,"k":2,"ix":10},"g":{"p":3,"k":{"a":0,"k":[0,1,0.886,0.4,0.556,1,0.642,0.2,1,1,0.398,0],"ix":8}},"s":{"a":0,"k":[0,0],"ix":4},"e":{"a":0,"k":[100,0],"ix":5},"t":1,"lc":1,"lj":1,"ml":4,"ml2":{"a":0,"k":4,"ix":13},"bm":0,"nm":"Gradient Stroke 1","mn":"ADBE Vector Graphic - G-Stroke","hd":false},{"ty":"tr","p":{"a":0,"k":[0,0],"ix":2},"a":{"a":0,"k":[0,0],"ix":1},"s":{"a":0,"k":[100,100],"ix":3},"r":{"a":0,"k":0,"ix":6},"o":{"a":0,"k":100,"ix":7},"sk":{"a":0,"k":0,"ix":4},"sa":{"a":0,"k":0,"ix":5},"nm":"Transform"}],"nm":"Shape 1","np":3,"cix":2,"bm":0,"ix":1,"mn":"ADBE Vector Group","hd":false},{"ty":"tm","s":{"a":1,"k":[{"i":{"x":[0.421],"y":[0.965]},"o":{"x":[0.106],"y":[0.006]},"t":6.5,"s":[0]},{"t":20.0000008146167,"s":[100]}],"ix":1},"e":{"a":1,"k":[{"i":{"x":[0.837],"y":[0.987]},"o":{"x":[0.333],"y":[0]},"t":2,"s":[0]},{"t":15.5000006313279,"s":[100]}],"ix":2},"o":{"a":0,"k":0,"ix":3},"m":1,"ix":2,"nm":"Trim Paths 1","mn":"ADBE Vector Filter - Trim","hd":false}],"ip":2.00000008146167,"op":34.0000013848484,"st":2.00000008146167,"bm":0},{"ddd":0,"ind":3,"ty":4,"nm":"Line Left 3","sr":1,"ks":{"o":{"a":0,"k":100,"ix":11},"r":{"a":0,"k":0,"ix":10},"p":{"a":0,"k":[180,360,0],"ix":2,"l":2},"a":{"a":0,"k":[0,0,0],"ix":1,"l":2},"s":{"a":0,"k":[100,100,100],"ix":6,"l":2}},"ao":0,"shapes":[{"ty":"gr","it":[{"ind":0,"ty":"sh","ix":1,"ks":{"a":0,"k":{"i":[[0,0],[-30.486,16.521],[33,17],[-32.804,-14.996],[25.66,9.775],[-38.656,35.605],[-19.633,35.994]],"o":[[0,0],[49.229,-26.679],[-85.918,-44.261],[35,16],[-42,-16],[38,-35],[12,-22]],"v":[[-179,15],[-82.229,-3.321],[-80,-90],[-83,-177],[-98,-136],[-100,-274],[19,-370]],"c":false},"ix":2},"nm":"Path 1","mn":"ADBE Vector Shape - Group","hd":false},{"ty":"gs","o":{"a":0,"k":100,"ix":9},"w":{"a":0,"k":2,"ix":10},"g":{"p":3,"k":{"a":0,"k":[0,0.631,0.514,0.886,0.556,0.422,0.257,0.781,1,0.213,0,0.675],"ix":8}},"s":{"a":0,"k":[0,0],"ix":4},"e":{"a":0,"k":[100,0],"ix":5},"t":1,"lc":1,"lj":1,"ml":4,"ml2":{"a":0,"k":4,"ix":13},"bm":0,"nm":"Gradient Stroke 1","mn":"ADBE Vector Graphic - G-Stroke","hd":false},{"ty":"tr","p":{"a":0,"k":[0,0],"ix":2},"a":{"a":0,"k":[0,0],"ix":1},"s":{"a":0,"k":[100,100],"ix":3},"r":{"a":0,"k":0,"ix":6},"o":{"a":0,"k":100,"ix":7},"sk":{"a":0,"k":0,"ix":4},"sa":{"a":0,"k":0,"ix":5},"nm":"Transform"}],"nm":"Shape 1","np":3,"cix":2,"bm":0,"ix":1,"mn":"ADBE Vector Group","hd":false},{"ty":"tm","s":{"a":1,"k":[{"i":{"x":[0.267],"y":[0.979]},"o":{"x":[0.199],"y":[0.001]},"t":8.5,"s":[0]},{"t":22.0000008960784,"s":[100]}],"ix":1},"e":{"a":1,"k":[{"i":{"x":[0.667],"y":[1]},"o":{"x":[0.333],"y":[0]},"t":4,"s":[0]},{"t":17.5000007127896,"s":[100]}],"ix":2},"o":{"a":0,"k":0,"ix":3},"m":1,"ix":2,"nm":"Trim Paths 1","mn":"ADBE Vector Filter - Trim","hd":false}],"ip":4.00000016292334,"op":34.0000013848484,"st":4.00000016292334,"bm":0},{"ddd":0,"ind":4,"ty":4,"nm":"Line Right 1","sr":1,"ks":{"o":{"a":0,"k":100,"ix":11},"r":{"a":0,"k":0,"ix":10},"p":{"a":0,"k":[180,360,0],"ix":2,"l":2},"a":{"a":0,"k":[0,0,0],"ix":1,"l":2},"s":{"a":0,"k":[100,100,100],"ix":6,"l":2}},"ao":0,"shapes":[{"ty":"gr","it":[{"ind":0,"ty":"sh","ix":1,"ks":{"a":0,"k":{"i":[[0,0],[23.762,55.602],[-10.649,-0.926],[10,-13],[20.791,36.783],[-26.221,39.331],[31.205,22.639],[3,36]],"o":[[0,0],[-25,-58.5],[11.5,1],[-10.347,13.451],[-32.5,-57.5],[21,-31.5],[-25.5,-18.5],[-3.738,-44.856]],"v":[[185,31],[55,-22.5],[82.5,-87.5],[93,-63],[25.5,-92.5],[64,-244.5],[37.5,-323.5],[-5,-396]],"c":false},"ix":2},"nm":"Path 1","mn":"ADBE Vector Shape - Group","hd":false},{"ty":"gs","o":{"a":0,"k":100,"ix":9},"w":{"a":1,"k":[{"i":{"x":[0.664],"y":[0.989]},"o":{"x":[0.928],"y":[-0.004]},"t":0,"s":[20]},{"t":16.0000006516934,"s":[10]}],"ix":10},"g":{"p":3,"k":{"a":0,"k":[0,1,0.647,0.522,0.5,0.969,0.567,0.522,1,0.937,0.486,0.522],"ix":8}},"s":{"a":0,"k":[0,0],"ix":4},"e":{"a":0,"k":[100,0],"ix":5},"t":1,"lc":1,"lj":1,"ml":4,"ml2":{"a":0,"k":4,"ix":13},"bm":0,"nm":"Gradient Stroke 1","mn":"ADBE Vector Graphic - G-Stroke","hd":false},{"ty":"tr","p":{"a":0,"k":[0,0],"ix":2},"a":{"a":0,"k":[0,0],"ix":1},"s":{"a":0,"k":[100,100],"ix":3},"r":{"a":0,"k":0,"ix":6},"o":{"a":0,"k":100,"ix":7},"sk":{"a":0,"k":0,"ix":4},"sa":{"a":0,"k":0,"ix":5},"nm":"Transform"}],"nm":"Shape 1","np":3,"cix":2,"bm":0,"ix":1,"mn":"ADBE Vector Group","hd":false},{"ty":"tm","s":{"a":1,"k":[{"i":{"x":[0.443],"y":[0.985]},"o":{"x":[0.625],"y":[0.002]},"t":5,"s":[0]},{"t":13.0000005295009,"s":[100]}],"ix":1},"e":{"a":1,"k":[{"i":{"x":[0.585],"y":[0.99]},"o":{"x":[0.867],"y":[0.063]},"t":0,"s":[0]},{"t":11.0837504514504,"s":[100]}],"ix":2},"o":{"a":0,"k":0,"ix":3},"m":1,"ix":2,"nm":"Trim Paths 1","mn":"ADBE Vector Filter - Trim","hd":false}],"ip":0,"op":35.0000014255792,"st":0,"bm":0},{"ddd":0,"ind":5,"ty":4,"nm":"Line Right 2","sr":1,"ks":{"o":{"a":0,"k":100,"ix":11},"r":{"a":0,"k":0,"ix":10},"p":{"a":0,"k":[202,364,0],"ix":2,"l":2},"a":{"a":0,"k":[0,0,0],"ix":1,"l":2},"s":{"a":0,"k":[100,100,100],"ix":6,"l":2}},"ao":0,"shapes":[{"ty":"gr","it":[{"ind":0,"ty":"sh","ix":1,"ks":{"a":0,"k":{"i":[[0,0]],"o":[[0,0]],"v":[[197,-109]],"c":false},"ix":2},"nm":"Path 1","mn":"ADBE Vector Shape - Group","hd":false},{"ty":"gs","o":{"a":0,"k":100,"ix":9},"w":{"a":0,"k":4.56,"ix":10},"g":{"p":3,"k":{"a":0,"k":[0,0.545,0.714,0.937,0.5,0.529,0.624,0.937,1,0.514,0.533,0.937],"ix":8}},"s":{"a":0,"k":[0,0],"ix":4},"e":{"a":0,"k":[100,0],"ix":5},"t":1,"lc":1,"lj":1,"ml":4,"ml2":{"a":0,"k":4,"ix":13},"bm":0,"nm":"Gradient Stroke 1","mn":"ADBE Vector Graphic - G-Stroke","hd":false},{"ty":"tr","p":{"a":0,"k":[0,0],"ix":2},"a":{"a":0,"k":[0,0],"ix":1},"s":{"a":0,"k":[100,100],"ix":3},"r":{"a":0,"k":0,"ix":6},"o":{"a":0,"k":100,"ix":7},"sk":{"a":0,"k":0,"ix":4},"sa":{"a":0,"k":0,"ix":5},"nm":"Transform"}],"nm":"Shape 2","np":3,"cix":2,"bm":0,"ix":1,"mn":"ADBE Vector Group","hd":false},{"ty":"gr","it":[{"ind":0,"ty":"sh","ix":1,"ks":{"a":0,"k":{"i":[[0,0],[26.783,79.074],[-23.052,6.312],[5.948,-49.569],[30.5,54.5],[-46.5,79.5],[-10,12.5]],"o":[[0,0],[-21,-62],[42,-11.5],[-6,50],[-30.282,-54.111],[35.727,-61.081],[10,-12.5]],"v":[[185,31],[13,-29],[59,-129.5],[138,-68],[27.5,-58.5],[49.5,-329.5],[94,-388.5]],"c":false},"ix":2},"nm":"Path 1","mn":"ADBE Vector Shape - Group","hd":false},{"ty":"gs","o":{"a":0,"k":100,"ix":9},"w":{"a":1,"k":[{"i":{"x":[0.098],"y":[0.988]},"o":{"x":[0.333],"y":[0]},"t":0,"s":[5]},{"t":18.000000733155,"s":[2]}],"ix":10},"g":{"p":3,"k":{"a":0,"k":[0,0.545,0.714,0.937,0.5,0.529,0.624,0.937,1,0.514,0.533,0.937],"ix":8}},"s":{"a":0,"k":[0,0],"ix":4},"e":{"a":0,"k":[100,0],"ix":5},"t":1,"lc":1,"lj":1,"ml":4,"ml2":{"a":0,"k":4,"ix":13},"bm":0,"nm":"Gradient Stroke 1","mn":"ADBE Vector Graphic - G-Stroke","hd":false},{"ty":"tr","p":{"a":0,"k":[0,0],"ix":2},"a":{"a":0,"k":[0,0],"ix":1},"s":{"a":0,"k":[100,100],"ix":3},"r":{"a":0,"k":0,"ix":6},"o":{"a":0,"k":100,"ix":7},"sk":{"a":0,"k":0,"ix":4},"sa":{"a":0,"k":0,"ix":5},"nm":"Transform"}],"nm":"Shape 1","np":3,"cix":2,"bm":0,"ix":2,"mn":"ADBE Vector Group","hd":false},{"ty":"tm","s":{"a":1,"k":[{"i":{"x":[0.622],"y":[1.016]},"o":{"x":[0.842],"y":[0.025]},"t":4.5,"s":[0]},{"t":18.000000733155,"s":[100]}],"ix":1},"e":{"a":1,"k":[{"i":{"x":[0.897],"y":[0.971]},"o":{"x":[0.939],"y":[0.044]},"t":0,"s":[0]},{"t":13.5000005498663,"s":[100]}],"ix":2},"o":{"a":0,"k":0,"ix":3},"m":1,"ix":3,"nm":"Trim Paths 1","mn":"ADBE Vector Filter - Trim","hd":false}],"ip":0,"op":33.0000013441176,"st":0,"bm":0},{"ddd":0,"ind":6,"ty":4,"nm":"Line Right 3","sr":1,"ks":{"o":{"a":0,"k":100,"ix":11},"r":{"a":0,"k":0,"ix":10},"p":{"a":0,"k":[180,360,0],"ix":2,"l":2},"a":{"a":0,"k":[0,0,0],"ix":1,"l":2},"s":{"a":0,"k":[100,100,100],"ix":6,"l":2}},"ao":0,"shapes":[{"ty":"gr","it":[{"ind":0,"ty":"sh","ix":1,"ks":{"a":0,"k":{"i":[[0,0],[-24,47],[40,14],[-17,30],[0,-30],[56,19],[-7.725,36.309],[-20.61,58.577],[10,22]],"o":[[0,0],[19.677,-38.533],[-40,-14],[14.658,-25.867],[0,20.1],[-23.75,-8.058],[10,-47],[19,-54],[-14.287,-31.431]],"v":[[196,36],[152,-30],[154,-104],[96,-170],[145,-153],[65,-113],[31,-188],[110,-288],[97,-400]],"c":false},"ix":2},"nm":"Path 1","mn":"ADBE Vector Shape - Group","hd":false},{"ty":"gs","o":{"a":0,"k":100,"ix":9},"w":{"a":1,"k":[{"i":{"x":[0.667],"y":[1]},"o":{"x":[0.333],"y":[0]},"t":3,"s":[5]},{"t":21.0000008553475,"s":[1]}],"ix":10},"g":{"p":3,"k":{"a":0,"k":[0,0.937,0.545,0.741,0.5,0.885,0.427,0.656,0.999,0.833,0.309,0.571],"ix":8}},"s":{"a":0,"k":[0,0],"ix":4},"e":{"a":0,"k":[100,0],"ix":5},"t":1,"lc":1,"lj":1,"ml":4,"ml2":{"a":0,"k":4,"ix":13},"bm":0,"nm":"Gradient Stroke 1","mn":"ADBE Vector Graphic - G-Stroke","hd":false},{"ty":"tr","p":{"a":0,"k":[0,0],"ix":2},"a":{"a":0,"k":[0,0],"ix":1},"s":{"a":0,"k":[100,100],"ix":3},"r":{"a":0,"k":0,"ix":6},"o":{"a":0,"k":100,"ix":7},"sk":{"a":0,"k":0,"ix":4},"sa":{"a":0,"k":0,"ix":5},"nm":"Transform"}],"nm":"Shape 1","np":3,"cix":2,"bm":0,"ix":1,"mn":"ADBE Vector Group","hd":false},{"ty":"tm","s":{"a":1,"k":[{"i":{"x":[0.403],"y":[0.966]},"o":{"x":[0.684],"y":[0.002]},"t":7.5,"s":[0]},{"t":21.0000008553475,"s":[100]}],"ix":1},"e":{"a":1,"k":[{"i":{"x":[0.916],"y":[1.001]},"o":{"x":[0.671],"y":[0.013]},"t":3,"s":[0]},{"t":17.0000006924242,"s":[100]}],"ix":2},"o":{"a":0,"k":0,"ix":3},"m":1,"ix":2,"nm":"Trim Paths 1","mn":"ADBE Vector Filter - Trim","hd":false}],"ip":3.00000012219251,"op":34.0000013848484,"st":3.00000012219251,"bm":0}]}],"layers":[{"ddd":0,"ind":1,"ty":0,"nm":"Pieces 4","refId":"comp_0","sr":1,"ks":{"o":{"a":0,"k":100,"ix":11},"r":{"a":0,"k":0,"ix":10},"p":{"a":0,"k":[180,360,0],"ix":2,"l":2},"a":{"a":0,"k":[180,360,0],"ix":1,"l":2},"s":{"a":0,"k":[100,100,100],"ix":6,"l":2}},"ao":0,"w":360,"h":720,"ip":0,"op":900.000036657751,"st":0,"bm":0},{"ddd":0,"ind":2,"ty":0,"nm":"Line","refId":"comp_2","sr":1,"ks":{"o":{"a":0,"k":100,"ix":11},"r":{"a":0,"k":0,"ix":10},"p":{"a":0,"k":[182,356,0],"ix":2,"l":2},"a":{"a":0,"k":[180,360,0],"ix":1,"l":2},"s":{"a":0,"k":[100,100,100],"ix":6,"l":2}},"ao":0,"w":360,"h":720,"ip":0,"op":900.000036657751,"st":0,"bm":0}],"markers":[]}