{"v":"5.12.1","fr":60,"ip":0,"op":300,"w":400,"h":357,"nm":"size 50","ddd":0,"assets":[{"id":"image_0","w":106,"h":116,"u":"images/","p":"img_0.png","e":0},{"id":"image_1","w":31,"h":30,"u":"images/","p":"img_1.png","e":0},{"id":"image_2","w":58,"h":30,"u":"images/","p":"img_2.png","e":0},{"id":"image_3","w":265,"h":12,"u":"images/","p":"img_3.png","e":0},{"id":"image_4","w":20,"h":20,"u":"images/","p":"img_4.png","e":0},{"id":"image_5","w":15,"h":15,"u":"images/","p":"img_5.png","e":0},{"id":"image_6","w":28,"h":28,"u":"images/","p":"img_6.png","e":0},{"id":"image_7","w":69,"h":40,"u":"images/","p":"img_7.png","e":0},{"id":"image_8","w":104,"h":99,"u":"images/","p":"img_8.png","e":0},{"id":"comp_0","nm":"sparkle","fr":29.9700012207031,"layers":[{"ddd":0,"ind":1,"ty":2,"nm":"sparkle 3","refId":"image_4","sr":1,"ks":{"o":{"a":0,"k":100,"ix":11},"r":{"a":1,"k":[{"i":{"x":[0.458],"y":[1]},"o":{"x":[0.492],"y":[0]},"t":74.074,"s":[0]},{"i":{"x":[0.576],"y":[1]},"o":{"x":[0.464],"y":[0]},"t":110.11,"s":[-90]},{"t":158.158158158158,"s":[-270]}],"ix":10},"p":{"a":0,"k":[282.345,120.286,0],"ix":2,"l":2},"a":{"a":0,"k":[9.955,9.925,0],"ix":1,"l":2},"s":{"a":1,"k":[{"i":{"x":[0.667,0.667,0.667],"y":[1,1,1]},"o":{"x":[0.333,0.333,0.333],"y":[0,0,0]},"t":74.074,"s":[0,0,100]},{"i":{"x":[0.667,0.667,0.667],"y":[1,1,1]},"o":{"x":[0.333,0.333,0.333],"y":[0,0,0]},"t":110.11,"s":[130,130,100]},{"t":146.146146146146,"s":[100,100,100]}],"ix":6,"l":2}},"ao":0,"ip":0,"op":1799.7997997998,"st":0,"bm":0},{"ddd":0,"ind":2,"ty":2,"nm":"sparkle 2","refId":"image_5","sr":1,"ks":{"o":{"a":0,"k":100,"ix":11},"r":{"a":1,"k":[{"i":{"x":[0.458],"y":[1]},"o":{"x":[0.492],"y":[0]},"t":104.104,"s":[0]},{"t":158.158158158158,"s":[-90]}],"ix":10},"p":{"a":0,"k":[157.587,48.451,0],"ix":2,"l":2},"a":{"a":0,"k":[7.474,7.456,0],"ix":1,"l":2},"s":{"a":1,"k":[{"i":{"x":[0.667,0.667,0.667],"y":[1,1,1]},"o":{"x":[0.333,0.333,0.333],"y":[0,0,0]},"t":82.082,"s":[0,0,100]},{"i":{"x":[0.667,0.667,0.667],"y":[1,1,1]},"o":{"x":[0.333,0.333,0.333],"y":[0,0,0]},"t":120.12,"s":[130,130,100]},{"t":154.154154154154,"s":[100,100,100]}],"ix":6,"l":2}},"ao":0,"ip":0,"op":1799.7997997998,"st":0,"bm":0},{"ddd":0,"ind":3,"ty":2,"nm":"sparkle 1","refId":"image_6","sr":1,"ks":{"o":{"a":0,"k":100,"ix":11},"r":{"a":1,"k":[{"i":{"x":[0.458],"y":[1]},"o":{"x":[0.492],"y":[0]},"t":56.056,"s":[0]},{"i":{"x":[0.576],"y":[1]},"o":{"x":[0.464],"y":[0]},"t":90.09,"s":[-90]},{"t":140.14014014014,"s":[-270]}],"ix":10},"p":{"a":0,"k":[168.286,27.448,0],"ix":2,"l":2},"a":{"a":0,"k":[13.833,13.803,0],"ix":1,"l":2},"s":{"a":1,"k":[{"i":{"x":[0.667,0.667,0.667],"y":[1,1,1]},"o":{"x":[0.333,0.333,0.333],"y":[0,0,0]},"t":56.056,"s":[0,0,100]},{"i":{"x":[0.667,0.667,0.667],"y":[1,1,1]},"o":{"x":[0.333,0.333,0.333],"y":[0,0,0]},"t":90.09,"s":[130,130,100]},{"t":128.128128128128,"s":[100,100,100]}],"ix":6,"l":2}},"ao":0,"ip":0,"op":1799.7997997998,"st":0,"bm":0}]}],"layers":[{"ddd":0,"ind":1,"ty":3,"nm":"Null 3","sr":1,"ks":{"o":{"a":0,"k":0,"ix":11},"r":{"a":0,"k":0,"ix":10},"p":{"a":1,"k":[{"i":{"x":0.526,"y":1},"o":{"x":0.501,"y":0},"t":14.014,"s":[87.889,149.842,0],"to":[31.833,-2.5,0],"ti":[0.333,0,0]},{"i":{"x":0.911,"y":0},"o":{"x":0.167,"y":0},"t":124.125,"s":[278.889,134.842,0],"to":[-0.046,0,0],"ti":[5.394,-0.417,0]},{"i":{"x":0.499,"y":1},"o":{"x":0.391,"y":0.018},"t":148.148,"s":[278.889,135.498,0],"to":[-33.67,2.606,0],"ti":[27.725,-2.155,0]},{"t":230.23046875,"s":[85.889,149.842,0]}],"ix":2,"l":2},"a":{"a":0,"k":[49.743,50.275,0],"ix":1,"l":2},"s":{"a":1,"k":[{"i":{"x":[0.833,0.833,0.833],"y":[0.833,0.833,0.789]},"o":{"x":[0.333,0.333,0.333],"y":[0,0,0]},"t":14.014,"s":[43,33.5,100]},{"i":{"x":[0.667,0.667,0.667],"y":[3.935,3.286,4.769]},"o":{"x":[0.167,0.167,0.167],"y":[0,0,0.86]},"t":124.125,"s":[80,62.326,100]},{"i":{"x":[0.667,0.667,0.667],"y":[1,1,1]},"o":{"x":[0.333,0.333,0.333],"y":[0.271,0.271,-12.876]},"t":148.148,"s":[80,62.326,100]},{"t":230.23046875,"s":[43,33.5,100]}],"ix":6,"l":2}},"ao":0,"ip":0,"op":300,"st":0,"bm":0},{"ddd":0,"ind":2,"ty":3,"nm":"Null 2","sr":1,"ks":{"o":{"a":0,"k":0,"ix":11},"r":{"a":0,"k":0,"ix":10},"p":{"a":1,"k":[{"i":{"x":0.548,"y":1},"o":{"x":0.522,"y":0},"t":14.014,"s":[89.3,198.853,0],"to":[32,0,0],"ti":[0,0,0]},{"t":124.125,"s":[281.3,198.853,0],"h":1},{"i":{"x":0.524,"y":1},"o":{"x":0.362,"y":0.009},"t":148.148,"s":[281.3,198.853,0],"to":[-42.772,0,0],"ti":[25.367,0,0]},{"t":230.23046875,"s":[89.3,198.853,0]}],"ix":2,"l":2},"a":{"a":0,"k":[52.031,49.934,0],"ix":1,"l":2},"s":{"a":0,"k":[33.25,33.25,100],"ix":6,"l":2}},"ao":0,"ip":0,"op":300,"st":0,"bm":0},{"ddd":0,"ind":3,"ty":2,"nm":"hand","parent":2,"refId":"image_0","sr":1,"ks":{"o":{"a":1,"k":[{"i":{"x":[0.667],"y":[1]},"o":{"x":[0.333],"y":[0]},"t":0,"s":[0]},{"i":{"x":[0.812],"y":[8.296]},"o":{"x":[0.303],"y":[0]},"t":12.012,"s":[100]},{"i":{"x":[0.69],"y":[1]},"o":{"x":[0.356],"y":[0.038]},"t":244.244,"s":[100]},{"t":308.30859375,"s":[0]}],"ix":11},"r":{"a":0,"k":0,"ix":10},"p":{"a":0,"k":[163.869,203.928,0],"ix":2,"l":2},"a":{"a":0,"k":[52.65,57.764,0],"ix":1,"l":2},"s":{"a":1,"k":[{"i":{"x":[0.667,0.667,0.667],"y":[1,1,1]},"o":{"x":[0.333,0.333,0.333],"y":[0,0,0]},"t":4.004,"s":[360.902,360.902,100]},{"i":{"x":[0.797,0.797,0.797],"y":[-2.553,-2.553,1.164]},"o":{"x":[0.323,0.323,0.323],"y":[0,0,0]},"t":8.008,"s":[270.677,270.677,100]},{"i":{"x":[0.705,0.705,0.705],"y":[1,1,1]},"o":{"x":[0.371,0.371,0.371],"y":[0.009,0.009,-0.012]},"t":208.209,"s":[270.677,270.677,100]},{"t":216.216796875,"s":[300.752,300.752,100]}],"ix":6,"l":2}},"ao":0,"ip":0,"op":300,"st":0,"bm":0},{"ddd":0,"ind":4,"ty":2,"nm":"circle","parent":2,"refId":"image_1","sr":1,"ks":{"o":{"a":0,"k":100,"ix":11},"r":{"a":0,"k":0,"ix":10},"p":{"a":0,"k":[52.031,49.934,0],"ix":2,"l":2},"a":{"a":0,"k":[15.029,14.993,0],"ix":1,"l":2},"s":{"a":1,"k":[{"i":{"x":[0.667,0.667,0.667],"y":[1,1,1]},"o":{"x":[0.333,0.333,0.333],"y":[0,0,0]},"t":-8.008,"s":[300.752,300.752,100]},{"i":{"x":[0.667,0.667,0.667],"y":[1,1,1]},"o":{"x":[0.333,0.333,0.333],"y":[0,0,0]},"t":10.01,"s":[360.902,360.902,100]},{"i":{"x":[0.833,0.833,0.833],"y":[1,1,1]},"o":{"x":[0.333,0.333,0.333],"y":[0,0,0]},"t":208.209,"s":[360.902,360.902,100]},{"t":216.216601366992,"s":[300.752,300.752,100]}],"ix":6,"l":2}},"ao":0,"ip":0,"op":300,"st":-8.00800800800801,"bm":0},{"ddd":0,"ind":5,"ty":2,"nm":"light","parent":2,"refId":"image_2","sr":1,"ks":{"o":{"a":1,"k":[{"i":{"x":[0.667],"y":[1]},"o":{"x":[0.333],"y":[0]},"t":0,"s":[0]},{"i":{"x":[0.667],"y":[1]},"o":{"x":[0.333],"y":[0]},"t":16.016,"s":[100]},{"i":{"x":[0.667],"y":[1]},"o":{"x":[0.333],"y":[0]},"t":106.105,"s":[100]},{"t":118.1171875,"s":[0]}],"ix":11},"r":{"a":0,"k":0,"ix":10},"p":{"a":0,"k":[54.334,49.934,0],"ix":2,"l":2},"a":{"a":0,"k":[57.633,14.691,0],"ix":1,"l":2},"s":{"a":1,"k":[{"i":{"x":[0.667,0.667,0.667],"y":[0.396,1,1]},"o":{"x":[0.333,0.333,0.333],"y":[0,0,0]},"t":0,"s":[240.602,300.752,100]},{"i":{"x":[0.667,0.667,0.667],"y":[1,1,1]},"o":{"x":[0.333,0.333,0.333],"y":[0.377,0,0]},"t":18.018,"s":[249.126,360.902,100]},{"i":{"x":[0.667,0.667,0.667],"y":[1,1,1]},"o":{"x":[0.333,0.333,0.333],"y":[0,0,0]},"t":86.086,"s":[300.752,360.902,100]},{"t":120.12109375,"s":[240.602,300.752,100]}],"ix":6,"l":2}},"ao":0,"ip":0,"op":300,"st":0,"bm":0},{"ddd":0,"ind":6,"ty":2,"nm":"line","refId":"image_3","sr":1,"ks":{"o":{"a":0,"k":100,"ix":11},"r":{"a":0,"k":0,"ix":10},"p":{"a":0,"k":[188.604,198.895,0],"ix":2,"l":2},"a":{"a":0,"k":[132.108,5.524,0],"ix":1,"l":2},"s":{"a":0,"k":[100,100,100],"ix":6,"l":2}},"ao":0,"ip":0,"op":300,"st":0,"bm":0},{"ddd":0,"ind":7,"ty":0,"nm":"sparkle","refId":"comp_0","sr":1,"ks":{"o":{"a":1,"k":[{"i":{"x":[0.537],"y":[1]},"o":{"x":[0.608],"y":[0]},"t":72.072,"s":[0]},{"i":{"x":[0.564],"y":[1]},"o":{"x":[0.477],"y":[0]},"t":104.104,"s":[80]},{"i":{"x":[0.56],"y":[1]},"o":{"x":[0.458],"y":[0]},"t":128.129,"s":[40]},{"i":{"x":[0.833],"y":[1]},"o":{"x":[0.167],"y":[0]},"t":152.152,"s":[100]},{"t":186.185546875,"s":[0]}],"ix":11},"r":{"a":0,"k":0,"ix":10},"p":{"a":0,"k":[275,121.5,0],"ix":2,"l":2},"a":{"a":0,"k":[224.5,76.5,0],"ix":1,"l":2},"s":{"a":0,"k":[100,100,100],"ix":6,"l":2}},"ao":0,"w":299,"h":267,"ip":0,"op":1799.7997997998,"st":0,"bm":0},{"ddd":0,"ind":8,"ty":2,"nm":"text 1","parent":1,"refId":"image_7","sr":1,"ks":{"o":{"a":0,"k":100,"ix":11},"r":{"a":0,"k":0,"ix":10},"p":{"a":0,"k":[48.971,12.344,0],"ix":2,"l":2},"a":{"a":0,"k":[34.296,13.233,0],"ix":1,"l":2},"s":{"a":0,"k":[159.24,204.397,100],"ix":6,"l":2}},"ao":0,"ip":0,"op":300,"st":0,"bm":0},{"ddd":0,"ind":9,"ty":2,"nm":"chat 1","parent":1,"refId":"image_8","sr":1,"ks":{"o":{"a":0,"k":100,"ix":11},"r":{"a":0,"k":0,"ix":10},"p":{"a":0,"k":[49.553,36.971,0],"ix":2,"l":2},"a":{"a":0,"k":[51.99,49.232,0],"ix":1,"l":2},"s":{"a":0,"k":[134.07,172.09,100],"ix":6,"l":2}},"ao":0,"ip":0,"op":300,"st":0,"bm":0}],"markers":[],"props":{}}