{"v":"5.9.4","fr":60,"ip":0,"op":240,"w":457,"h":520,"nm":"confetti-explosion-fall - LEFT - SLOW","ddd":0,"assets":[],"layers":[{"ddd":0,"ind":1,"ty":3,"nm":"NULL CONTROL 17","sr":1,"ks":{"o":{"a":0,"k":0,"ix":11},"r":{"a":0,"k":0,"ix":10},"p":{"a":0,"k":[318.616,74.43,0],"ix":2,"l":2},"a":{"a":0,"k":[50,50,0],"ix":1,"l":2},"s":{"a":0,"k":[-100,100,100],"ix":6,"l":2}},"ao":0,"ip":0,"op":251,"st":0,"bm":0},{"ddd":0,"ind":2,"ty":3,"nm":"NULL CONTROL 16","parent":1,"sr":1,"ks":{"o":{"a":0,"k":0,"ix":11},"r":{"a":0,"k":0,"ix":10},"p":{"a":1,"k":[{"i":{"x":0.288,"y":1},"o":{"x":0.158,"y":0},"t":0,"s":[314.384,-169.93,0],"to":[85.75,85.417,0],"ti":[74.25,-67.917,0]},{"t":215,"s":[230.884,188.07,0]}],"ix":2,"l":2},"a":{"a":0,"k":[50,50,0],"ix":1,"l":2},"s":{"a":0,"k":[100,100,100],"ix":6,"l":2}},"ao":0,"ip":0,"op":251,"st":0,"bm":0},{"ddd":0,"ind":3,"ty":3,"nm":"NULL CONTROL 15","parent":2,"sr":1,"ks":{"o":{"a":0,"k":0,"ix":11},"r":{"a":0,"k":0,"ix":10,"x":"var $bm_rt;\nvar a = thisLayer('ADBE Effect Parade');\nvar b = a('[d] Rotation');\nvar c = b('Pseudo/IwOVa882cc43v-0001');\nvar d = b('Pseudo/IwOVa882cc43v-0002');\nvar e = b('Pseudo/IwOVa882cc43v-0003');\nvar f = b('Pseudo/IwOVa882cc43v-0004');\nvar seedValue = b('Pseudo/IwOVa882cc43v-0005');\nvar g = value;\nif (c > 0) {\n    if (d == 1) {\n        seedRandom($bm_mul(seedValue, 1000));\n        g = wiggle(e, f, 1, 1, time);\n    } else if (d == 2) {\n        seedRandom(seedValue);\n        var freq = $bm_div(1, e);\n        var times = $bm_div(thisComp.duration, freq);\n        var progress = $bm_div(time, $bm_sum(thisComp.duration, thisComp.frameDuration));\n        g = wiggle(e, f, 1, 1, Math.floor($bm_mul(times, progress)));\n    }\n}\n$bm_rt = g;"},"p":{"a":0,"k":[50,50,0],"ix":2,"l":2},"a":{"a":0,"k":[50,50,0],"ix":1,"l":2},"s":{"a":1,"k":[{"i":{"x":[0.667,0.667,0.667],"y":[1,1,1]},"o":{"x":[0.333,0.333,0.333],"y":[0,0,0]},"t":8,"s":[100,100,100]},{"i":{"x":[0.667,0.667,0.667],"y":[1,1,1]},"o":{"x":[0.167,0.167,0.167],"y":[0,0,0]},"t":42,"s":[100,100,100]},{"i":{"x":[0.667,0.667,0.667],"y":[1,1,1]},"o":{"x":[0.333,0.333,0.333],"y":[0,0,0]},"t":94,"s":[100,-37,100]},{"i":{"x":[0.667,0.667,0.667],"y":[1,1,1]},"o":{"x":[0.333,0.333,0.333],"y":[0,0,0]},"t":128,"s":[100,92,100]},{"i":{"x":[0.667,0.667,0.667],"y":[1,1,1]},"o":{"x":[0.333,0.333,0.333],"y":[0,0,0]},"t":173,"s":[100,-61,100]},{"t":204,"s":[100,14,100]}],"ix":6,"l":2}},"ao":0,"ef":[{"ty":5,"nm":"[d] Rotation","np":7,"mn":"Pseudo/IwOVa882cc43v","ix":1,"en":1,"ef":[{"ty":7,"nm":"Enable","mn":"Pseudo/IwOVa882cc43v-0001","ix":1,"v":{"a":0,"k":1,"ix":1}},{"ty":7,"nm":"Type","mn":"Pseudo/IwOVa882cc43v-0002","ix":2,"v":{"a":0,"k":1,"ix":2}},{"ty":0,"nm":"Frequency","mn":"Pseudo/IwOVa882cc43v-0003","ix":3,"v":{"a":0,"k":0.5,"ix":3}},{"ty":0,"nm":"Amount","mn":"Pseudo/IwOVa882cc43v-0004","ix":4,"v":{"a":0,"k":90,"ix":4}},{"ty":0,"nm":"Seed","mn":"Pseudo/IwOVa882cc43v-0005","ix":5,"v":{"a":0,"k":1,"ix":5}}]}],"ip":0,"op":251,"st":0,"bm":0},{"ddd":0,"ind":4,"ty":4,"nm":"Shape Layer 44","parent":3,"sr":1,"ks":{"o":{"a":1,"k":[{"i":{"x":[0.833],"y":[0.833]},"o":{"x":[0.167],"y":[0.167]},"t":160,"s":[100]},{"t":186,"s":[0]}],"ix":11},"r":{"a":0,"k":-45,"ix":10},"p":{"a":0,"k":[50,50,0],"ix":2,"l":2},"a":{"a":0,"k":[-76,30.5,0],"ix":1,"l":2},"s":{"a":1,"k":[{"i":{"x":[0.667,0.667,0.667],"y":[1,1,1]},"o":{"x":[0.333,0.333,0.333],"y":[0,0,0]},"t":38,"s":[100,100,100]},{"t":221,"s":[50,50,100]}],"ix":6,"l":2}},"ao":0,"shapes":[{"ty":"gr","it":[{"ind":0,"ty":"sh","ix":1,"ks":{"a":0,"k":{"i":[[0,0],[0,0],[0,0],[0,0]],"o":[[0,0],[0,0],[0,0],[0,0]],"v":[[12.5,-12.5],[12.5,12.5],[-12.5,12.5],[-12.5,-12.5]],"c":true},"ix":2},"nm":"Path 1","mn":"ADBE Vector Shape - Group","hd":false},{"ty":"fl","c":{"a":0,"k":[1,0.843017578125,0.392150878906,1],"ix":4},"o":{"a":0,"k":100,"ix":5},"r":1,"bm":0,"nm":"Fill 1","mn":"ADBE Vector Graphic - Fill","hd":false},{"ty":"tr","p":{"a":0,"k":[-76,30.5],"ix":2},"a":{"a":0,"k":[0,0],"ix":1},"s":{"a":0,"k":[100,100],"ix":3},"r":{"a":0,"k":0,"ix":6},"o":{"a":0,"k":100,"ix":7},"sk":{"a":0,"k":0,"ix":4},"sa":{"a":0,"k":0,"ix":5},"nm":"Transform"}],"nm":"Rectangle 1","np":3,"cix":2,"bm":0,"ix":1,"mn":"ADBE Vector Group","hd":false}],"ip":0,"op":251,"st":0,"ct":1,"bm":0},{"ddd":0,"ind":5,"ty":3,"nm":"NULL CONTROL 14","parent":1,"sr":1,"ks":{"o":{"a":0,"k":0,"ix":11},"r":{"a":0,"k":0,"ix":10},"p":{"a":1,"k":[{"i":{"x":0.288,"y":1},"o":{"x":0.158,"y":0},"t":0,"s":[29.384,-219.43,0],"to":[85.75,85.417,0],"ti":[-62.75,-36.917,0]},{"t":236,"s":[60.384,-25.43,0]}],"ix":2,"l":2},"a":{"a":0,"k":[50,50,0],"ix":1,"l":2},"s":{"a":0,"k":[100,100,100],"ix":6,"l":2}},"ao":0,"ip":0,"op":251,"st":0,"bm":0},{"ddd":0,"ind":6,"ty":3,"nm":"NULL CONTROL 13","parent":5,"sr":1,"ks":{"o":{"a":0,"k":0,"ix":11},"r":{"a":0,"k":0,"ix":10,"x":"var $bm_rt;\nvar a = thisLayer('ADBE Effect Parade');\nvar b = a('[d] Rotation');\nvar c = b('Pseudo/IwOVa882cc43v-0001');\nvar d = b('Pseudo/IwOVa882cc43v-0002');\nvar e = b('Pseudo/IwOVa882cc43v-0003');\nvar f = b('Pseudo/IwOVa882cc43v-0004');\nvar seedValue = b('Pseudo/IwOVa882cc43v-0005');\nvar g = value;\nif (c > 0) {\n    if (d == 1) {\n        seedRandom($bm_mul(seedValue, 1000));\n        g = wiggle(e, f, 1, 1, time);\n    } else if (d == 2) {\n        seedRandom(seedValue);\n        var freq = $bm_div(1, e);\n        var times = $bm_div(thisComp.duration, freq);\n        var progress = $bm_div(time, $bm_sum(thisComp.duration, thisComp.frameDuration));\n        g = wiggle(e, f, 1, 1, Math.floor($bm_mul(times, progress)));\n    }\n}\n$bm_rt = g;"},"p":{"a":0,"k":[50,50,0],"ix":2,"l":2},"a":{"a":0,"k":[50,50,0],"ix":1,"l":2},"s":{"a":1,"k":[{"i":{"x":[0.667,0.667,0.667],"y":[1,1,1]},"o":{"x":[0.333,0.333,0.333],"y":[0,0,0]},"t":8,"s":[100,100,100]},{"i":{"x":[0.667,0.667,0.667],"y":[1,1,1]},"o":{"x":[0.333,0.333,0.333],"y":[0,0,0]},"t":36,"s":[100,-61,100]},{"i":{"x":[0.667,0.667,0.667],"y":[1,1,1]},"o":{"x":[0.333,0.333,0.333],"y":[0,0,0]},"t":94,"s":[100,-37,100]},{"i":{"x":[0.667,0.667,0.667],"y":[1,1,1]},"o":{"x":[0.333,0.333,0.333],"y":[0,0,0]},"t":128,"s":[100,92,100]},{"i":{"x":[0.667,0.667,0.667],"y":[1,1,1]},"o":{"x":[0.333,0.333,0.333],"y":[0,0,0]},"t":216,"s":[100,14,100]},{"t":240,"s":[100,100,100]}],"ix":6,"l":2}},"ao":0,"ef":[{"ty":5,"nm":"[d] Rotation","np":7,"mn":"Pseudo/IwOVa882cc43v","ix":1,"en":1,"ef":[{"ty":7,"nm":"Enable","mn":"Pseudo/IwOVa882cc43v-0001","ix":1,"v":{"a":0,"k":1,"ix":1}},{"ty":7,"nm":"Type","mn":"Pseudo/IwOVa882cc43v-0002","ix":2,"v":{"a":0,"k":1,"ix":2}},{"ty":0,"nm":"Frequency","mn":"Pseudo/IwOVa882cc43v-0003","ix":3,"v":{"a":0,"k":0.5,"ix":3}},{"ty":0,"nm":"Amount","mn":"Pseudo/IwOVa882cc43v-0004","ix":4,"v":{"a":0,"k":90,"ix":4}},{"ty":0,"nm":"Seed","mn":"Pseudo/IwOVa882cc43v-0005","ix":5,"v":{"a":0,"k":1,"ix":5}}]}],"ip":0,"op":251,"st":0,"bm":0},{"ddd":0,"ind":7,"ty":4,"nm":"Shape Layer 43","parent":6,"sr":1,"ks":{"o":{"a":1,"k":[{"i":{"x":[0.833],"y":[0.833]},"o":{"x":[0.167],"y":[0.167]},"t":181,"s":[100]},{"t":207,"s":[0]}],"ix":11},"r":{"a":0,"k":-45,"ix":10},"p":{"a":0,"k":[50,50,0],"ix":2,"l":2},"a":{"a":0,"k":[-76,30.5,0],"ix":1,"l":2},"s":{"a":1,"k":[{"i":{"x":[0.667,0.667,0.667],"y":[1,1,1]},"o":{"x":[0.333,0.333,0.333],"y":[0,0,0]},"t":38,"s":[100,100,100]},{"t":215,"s":[50,50,100]}],"ix":6,"l":2}},"ao":0,"shapes":[{"ty":"gr","it":[{"ind":0,"ty":"sh","ix":1,"ks":{"a":0,"k":{"i":[[0,0],[0,0],[0,0],[0,0]],"o":[[0,0],[0,0],[0,0],[0,0]],"v":[[12.5,-12.5],[12.5,12.5],[-12.5,12.5],[-12.5,-12.5]],"c":true},"ix":2},"nm":"Path 1","mn":"ADBE Vector Shape - Group","hd":false},{"ty":"fl","c":{"a":0,"k":[0.917572021484,0.364715576172,0.63916015625,1],"ix":4},"o":{"a":0,"k":100,"ix":5},"r":1,"bm":0,"nm":"Fill 1","mn":"ADBE Vector Graphic - Fill","hd":false},{"ty":"tr","p":{"a":0,"k":[-76,30.5],"ix":2},"a":{"a":0,"k":[0,0],"ix":1},"s":{"a":0,"k":[100,100],"ix":3},"r":{"a":0,"k":0,"ix":6},"o":{"a":0,"k":100,"ix":7},"sk":{"a":0,"k":0,"ix":4},"sa":{"a":0,"k":0,"ix":5},"nm":"Transform"}],"nm":"Rectangle 1","np":3,"cix":2,"bm":0,"ix":1,"mn":"ADBE Vector Group","hd":false}],"ip":0,"op":251,"st":0,"ct":1,"bm":0},{"ddd":0,"ind":8,"ty":3,"nm":"NULL CONTROL 12","parent":1,"sr":1,"ks":{"o":{"a":0,"k":0,"ix":11},"r":{"a":0,"k":0,"ix":10},"p":{"a":1,"k":[{"i":{"x":0.288,"y":1},"o":{"x":0.158,"y":0},"t":0,"s":[123.884,-198.43,0],"to":[-60.75,83.917,0],"ti":[-27.75,-142.917,0]},{"t":243,"s":[274.384,131.07,0]}],"ix":2,"l":2},"a":{"a":0,"k":[50,50,0],"ix":1,"l":2},"s":{"a":0,"k":[100,100,100],"ix":6,"l":2}},"ao":0,"ip":0,"op":251,"st":0,"bm":0},{"ddd":0,"ind":9,"ty":3,"nm":"NULL CONTROL 11","parent":8,"sr":1,"ks":{"o":{"a":0,"k":0,"ix":11},"r":{"a":0,"k":0,"ix":10,"x":"var $bm_rt;\nvar a = thisLayer('ADBE Effect Parade');\nvar b = a('[d] Rotation');\nvar c = b('Pseudo/IwOVa882cc43v-0001');\nvar d = b('Pseudo/IwOVa882cc43v-0002');\nvar e = b('Pseudo/IwOVa882cc43v-0003');\nvar f = b('Pseudo/IwOVa882cc43v-0004');\nvar seedValue = b('Pseudo/IwOVa882cc43v-0005');\nvar g = value;\nif (c > 0) {\n    if (d == 1) {\n        seedRandom($bm_mul(seedValue, 1000));\n        g = wiggle(e, f, 1, 1, time);\n    } else if (d == 2) {\n        seedRandom(seedValue);\n        var freq = $bm_div(1, e);\n        var times = $bm_div(thisComp.duration, freq);\n        var progress = $bm_div(time, $bm_sum(thisComp.duration, thisComp.frameDuration));\n        g = wiggle(e, f, 1, 1, Math.floor($bm_mul(times, progress)));\n    }\n}\n$bm_rt = g;"},"p":{"a":0,"k":[50,50,0],"ix":2,"l":2},"a":{"a":0,"k":[50,50,0],"ix":1,"l":2},"s":{"a":1,"k":[{"i":{"x":[0.667,0.667,0.667],"y":[1,1,1]},"o":{"x":[0.333,0.333,0.333],"y":[0,0,0]},"t":8,"s":[100,100,100]},{"i":{"x":[0.667,0.667,0.667],"y":[1,1,1]},"o":{"x":[0.333,0.333,0.333],"y":[0,0,0]},"t":87.893,"s":[100,-37,100]},{"i":{"x":[0.667,0.667,0.667],"y":[1,1,1]},"o":{"x":[0.333,0.333,0.333],"y":[0,0,0]},"t":134,"s":[100,-61,100]},{"i":{"x":[0.667,0.667,0.667],"y":[1,1,1]},"o":{"x":[0.333,0.333,0.333],"y":[0,0,0]},"t":149.189,"s":[100,14,100]},{"i":{"x":[0.667,0.667,0.667],"y":[1,1,1]},"o":{"x":[0.333,0.333,0.333],"y":[0,0,0]},"t":198,"s":[100,-42,100]},{"i":{"x":[0.667,0.667,0.667],"y":[1,1,1]},"o":{"x":[0.333,0.333,0.333],"y":[0,0,0]},"t":214.135,"s":[100,92,100]},{"t":226,"s":[100,100,100]}],"ix":6,"l":2}},"ao":0,"ef":[{"ty":5,"nm":"[d] Rotation","np":7,"mn":"Pseudo/IwOVa882cc43v","ix":1,"en":1,"ef":[{"ty":7,"nm":"Enable","mn":"Pseudo/IwOVa882cc43v-0001","ix":1,"v":{"a":0,"k":1,"ix":1}},{"ty":7,"nm":"Type","mn":"Pseudo/IwOVa882cc43v-0002","ix":2,"v":{"a":0,"k":1,"ix":2}},{"ty":0,"nm":"Frequency","mn":"Pseudo/IwOVa882cc43v-0003","ix":3,"v":{"a":0,"k":0.5,"ix":3}},{"ty":0,"nm":"Amount","mn":"Pseudo/IwOVa882cc43v-0004","ix":4,"v":{"a":0,"k":90,"ix":4}},{"ty":0,"nm":"Seed","mn":"Pseudo/IwOVa882cc43v-0005","ix":5,"v":{"a":0,"k":1,"ix":5}}]}],"ip":0,"op":251,"st":0,"bm":0},{"ddd":0,"ind":10,"ty":4,"nm":"Shape Layer 42","parent":9,"sr":1,"ks":{"o":{"a":1,"k":[{"i":{"x":[0.833],"y":[0.833]},"o":{"x":[0.167],"y":[0.167]},"t":164,"s":[100]},{"t":190,"s":[0]}],"ix":11},"r":{"a":0,"k":-45,"ix":10},"p":{"a":0,"k":[50,50,0],"ix":2,"l":2},"a":{"a":0,"k":[-76,30.5,0],"ix":1,"l":2},"s":{"a":1,"k":[{"i":{"x":[0.667,0.667,0.667],"y":[1,1,1]},"o":{"x":[0.333,0.333,0.333],"y":[0,0,0]},"t":38,"s":[100,100,100]},{"t":207,"s":[50,50,100]}],"ix":6,"l":2}},"ao":0,"shapes":[{"ty":"gr","it":[{"ind":0,"ty":"sh","ix":1,"ks":{"a":0,"k":{"i":[[0,0],[0,0],[0,0],[0,0]],"o":[[0,0],[0,0],[0,0],[0,0]],"v":[[12.5,-12.5],[12.5,12.5],[-12.5,12.5],[-12.5,-12.5]],"c":true},"ix":2},"nm":"Path 1","mn":"ADBE Vector Shape - Group","hd":false},{"ty":"fl","c":{"a":0,"k":[0.909637451172,0.423522949219,0.37646484375,1],"ix":4},"o":{"a":0,"k":100,"ix":5},"r":1,"bm":0,"nm":"Fill 1","mn":"ADBE Vector Graphic - Fill","hd":false},{"ty":"tr","p":{"a":0,"k":[-76,30.5],"ix":2},"a":{"a":0,"k":[0,0],"ix":1},"s":{"a":0,"k":[100,100],"ix":3},"r":{"a":0,"k":0,"ix":6},"o":{"a":0,"k":100,"ix":7},"sk":{"a":0,"k":0,"ix":4},"sa":{"a":0,"k":0,"ix":5},"nm":"Transform"}],"nm":"Rectangle 1","np":3,"cix":2,"bm":0,"ix":1,"mn":"ADBE Vector Group","hd":false}],"ip":0,"op":251,"st":0,"ct":1,"bm":0},{"ddd":0,"ind":11,"ty":3,"nm":"NULL CONTROL 10","parent":1,"sr":1,"ks":{"o":{"a":0,"k":0,"ix":11},"r":{"a":0,"k":0,"ix":10},"p":{"a":1,"k":[{"i":{"x":0.288,"y":1},"o":{"x":0.158,"y":0},"t":0,"s":[275.384,-199.43,0],"to":[-60.75,83.917,0],"ti":[-43.25,-120.917,0]},{"t":226,"s":[225.384,58.57,0]}],"ix":2,"l":2},"a":{"a":0,"k":[50,50,0],"ix":1,"l":2},"s":{"a":0,"k":[100,100,100],"ix":6,"l":2}},"ao":0,"ip":0,"op":251,"st":0,"bm":0},{"ddd":0,"ind":12,"ty":3,"nm":"NULL CONTROL 9","parent":11,"sr":1,"ks":{"o":{"a":0,"k":0,"ix":11},"r":{"a":0,"k":0,"ix":10,"x":"var $bm_rt;\nvar a = thisLayer('ADBE Effect Parade');\nvar b = a('[d] Rotation');\nvar c = b('Pseudo/IwOVa882cc43v-0001');\nvar d = b('Pseudo/IwOVa882cc43v-0002');\nvar e = b('Pseudo/IwOVa882cc43v-0003');\nvar f = b('Pseudo/IwOVa882cc43v-0004');\nvar seedValue = b('Pseudo/IwOVa882cc43v-0005');\nvar g = value;\nif (c > 0) {\n    if (d == 1) {\n        seedRandom($bm_mul(seedValue, 1000));\n        g = wiggle(e, f, 1, 1, time);\n    } else if (d == 2) {\n        seedRandom(seedValue);\n        var freq = $bm_div(1, e);\n        var times = $bm_div(thisComp.duration, freq);\n        var progress = $bm_div(time, $bm_sum(thisComp.duration, thisComp.frameDuration));\n        g = wiggle(e, f, 1, 1, Math.floor($bm_mul(times, progress)));\n    }\n}\n$bm_rt = g;"},"p":{"a":0,"k":[50,50,0],"ix":2,"l":2},"a":{"a":0,"k":[50,50,0],"ix":1,"l":2},"s":{"a":1,"k":[{"i":{"x":[0.667,0.667,0.667],"y":[1,1,1]},"o":{"x":[0.333,0.333,0.333],"y":[0,0,0]},"t":7,"s":[100,100,100]},{"i":{"x":[0.667,0.667,0.667],"y":[1,1,1]},"o":{"x":[0.333,0.333,0.333],"y":[0,0,0]},"t":37,"s":[100,-37,100]},{"i":{"x":[0.667,0.667,0.667],"y":[1,1,1]},"o":{"x":[0.333,0.333,0.333],"y":[0,0,0]},"t":74,"s":[100,-61,100]},{"i":{"x":[0.667,0.667,0.667],"y":[1,1,1]},"o":{"x":[0.333,0.333,0.333],"y":[0,0,0]},"t":121,"s":[100,14,100]},{"i":{"x":[0.667,0.667,0.667],"y":[1,1,1]},"o":{"x":[0.333,0.333,0.333],"y":[0,0,0]},"t":149,"s":[100,-42,100]},{"i":{"x":[0.667,0.667,0.667],"y":[1,1,1]},"o":{"x":[0.333,0.333,0.333],"y":[0,0,0]},"t":210,"s":[100,92,100]},{"t":232,"s":[100,100,100]}],"ix":6,"l":2}},"ao":0,"ef":[{"ty":5,"nm":"[d] Rotation","np":7,"mn":"Pseudo/IwOVa882cc43v","ix":1,"en":1,"ef":[{"ty":7,"nm":"Enable","mn":"Pseudo/IwOVa882cc43v-0001","ix":1,"v":{"a":0,"k":1,"ix":1}},{"ty":7,"nm":"Type","mn":"Pseudo/IwOVa882cc43v-0002","ix":2,"v":{"a":0,"k":1,"ix":2}},{"ty":0,"nm":"Frequency","mn":"Pseudo/IwOVa882cc43v-0003","ix":3,"v":{"a":0,"k":0.5,"ix":3}},{"ty":0,"nm":"Amount","mn":"Pseudo/IwOVa882cc43v-0004","ix":4,"v":{"a":0,"k":90,"ix":4}},{"ty":0,"nm":"Seed","mn":"Pseudo/IwOVa882cc43v-0005","ix":5,"v":{"a":0,"k":1,"ix":5}}]}],"ip":0,"op":251,"st":0,"bm":0},{"ddd":0,"ind":13,"ty":4,"nm":"Shape Layer 41","parent":12,"sr":1,"ks":{"o":{"a":1,"k":[{"i":{"x":[0.833],"y":[0.833]},"o":{"x":[0.167],"y":[0.167]},"t":174,"s":[100]},{"t":200,"s":[0]}],"ix":11},"r":{"a":0,"k":-45,"ix":10},"p":{"a":0,"k":[50,50,0],"ix":2,"l":2},"a":{"a":0,"k":[-76,30.5,0],"ix":1,"l":2},"s":{"a":1,"k":[{"i":{"x":[0.667,0.667,0.667],"y":[1,1,1]},"o":{"x":[0.333,0.333,0.333],"y":[0,0,0]},"t":38,"s":[100,100,100]},{"t":207,"s":[50,50,100]}],"ix":6,"l":2}},"ao":0,"shapes":[{"ty":"gr","it":[{"ind":0,"ty":"sh","ix":1,"ks":{"a":0,"k":{"i":[[0,0],[0,0],[0,0],[0,0]],"o":[[0,0],[0,0],[0,0],[0,0]],"v":[[12.5,-12.5],[12.5,12.5],[-12.5,12.5],[-12.5,-12.5]],"c":true},"ix":2},"nm":"Path 1","mn":"ADBE Vector Shape - Group","hd":false},{"ty":"fl","c":{"a":0,"k":[0.909637451172,0.423522949219,0.37646484375,1],"ix":4},"o":{"a":0,"k":100,"ix":5},"r":1,"bm":0,"nm":"Fill 1","mn":"ADBE Vector Graphic - Fill","hd":false},{"ty":"tr","p":{"a":0,"k":[-76,30.5],"ix":2},"a":{"a":0,"k":[0,0],"ix":1},"s":{"a":0,"k":[100,100],"ix":3},"r":{"a":0,"k":0,"ix":6},"o":{"a":0,"k":100,"ix":7},"sk":{"a":0,"k":0,"ix":4},"sa":{"a":0,"k":0,"ix":5},"nm":"Transform"}],"nm":"Rectangle 1","np":3,"cix":2,"bm":0,"ix":1,"mn":"ADBE Vector Group","hd":false}],"ip":0,"op":251,"st":0,"ct":1,"bm":0},{"ddd":0,"ind":14,"ty":3,"nm":"NULL CONTROL 8","sr":1,"ks":{"o":{"a":0,"k":0,"ix":11},"r":{"a":0,"k":0,"ix":10},"p":{"a":1,"k":[{"i":{"x":0.288,"y":1},"o":{"x":0.158,"y":0},"t":0,"s":[75.5,-25,0],"to":[85.75,85.417,0],"ti":[74.25,-67.917,0]},{"t":215,"s":[-8,333,0]}],"ix":2,"l":2},"a":{"a":0,"k":[50,50,0],"ix":1,"l":2},"s":{"a":0,"k":[100,100,100],"ix":6,"l":2}},"ao":0,"ip":0,"op":251,"st":0,"bm":0},{"ddd":0,"ind":15,"ty":3,"nm":"NULL CONTROL 7","parent":14,"sr":1,"ks":{"o":{"a":0,"k":0,"ix":11},"r":{"a":0,"k":0,"ix":10,"x":"var $bm_rt;\nvar a = thisLayer('ADBE Effect Parade');\nvar b = a('[d] Rotation');\nvar c = b('Pseudo/IwOVa882cc43v-0001');\nvar d = b('Pseudo/IwOVa882cc43v-0002');\nvar e = b('Pseudo/IwOVa882cc43v-0003');\nvar f = b('Pseudo/IwOVa882cc43v-0004');\nvar seedValue = b('Pseudo/IwOVa882cc43v-0005');\nvar g = value;\nif (c > 0) {\n    if (d == 1) {\n        seedRandom($bm_mul(seedValue, 1000));\n        g = wiggle(e, f, 1, 1, time);\n    } else if (d == 2) {\n        seedRandom(seedValue);\n        var freq = $bm_div(1, e);\n        var times = $bm_div(thisComp.duration, freq);\n        var progress = $bm_div(time, $bm_sum(thisComp.duration, thisComp.frameDuration));\n        g = wiggle(e, f, 1, 1, Math.floor($bm_mul(times, progress)));\n    }\n}\n$bm_rt = g;"},"p":{"a":0,"k":[50,50,0],"ix":2,"l":2},"a":{"a":0,"k":[50,50,0],"ix":1,"l":2},"s":{"a":1,"k":[{"i":{"x":[0.667,0.667,0.667],"y":[1,1,1]},"o":{"x":[0.333,0.333,0.333],"y":[0,0,0]},"t":8,"s":[100,100,100]},{"i":{"x":[0.667,0.667,0.667],"y":[1,1,1]},"o":{"x":[0.167,0.167,0.167],"y":[0,0,0]},"t":42,"s":[100,100,100]},{"i":{"x":[0.667,0.667,0.667],"y":[1,1,1]},"o":{"x":[0.333,0.333,0.333],"y":[0,0,0]},"t":94,"s":[100,-37,100]},{"i":{"x":[0.667,0.667,0.667],"y":[1,1,1]},"o":{"x":[0.333,0.333,0.333],"y":[0,0,0]},"t":128,"s":[100,92,100]},{"i":{"x":[0.667,0.667,0.667],"y":[1,1,1]},"o":{"x":[0.333,0.333,0.333],"y":[0,0,0]},"t":173,"s":[100,-61,100]},{"t":204,"s":[100,14,100]}],"ix":6,"l":2}},"ao":0,"ef":[{"ty":5,"nm":"[d] Rotation","np":7,"mn":"Pseudo/IwOVa882cc43v","ix":1,"en":1,"ef":[{"ty":7,"nm":"Enable","mn":"Pseudo/IwOVa882cc43v-0001","ix":1,"v":{"a":0,"k":1,"ix":1}},{"ty":7,"nm":"Type","mn":"Pseudo/IwOVa882cc43v-0002","ix":2,"v":{"a":0,"k":1,"ix":2}},{"ty":0,"nm":"Frequency","mn":"Pseudo/IwOVa882cc43v-0003","ix":3,"v":{"a":0,"k":0.5,"ix":3}},{"ty":0,"nm":"Amount","mn":"Pseudo/IwOVa882cc43v-0004","ix":4,"v":{"a":0,"k":90,"ix":4}},{"ty":0,"nm":"Seed","mn":"Pseudo/IwOVa882cc43v-0005","ix":5,"v":{"a":0,"k":1,"ix":5}}]}],"ip":0,"op":251,"st":0,"bm":0},{"ddd":0,"ind":16,"ty":4,"nm":"Shape Layer 40","parent":15,"sr":1,"ks":{"o":{"a":1,"k":[{"i":{"x":[0.833],"y":[0.833]},"o":{"x":[0.167],"y":[0.167]},"t":160,"s":[100]},{"t":186,"s":[0]}],"ix":11},"r":{"a":0,"k":-45,"ix":10},"p":{"a":0,"k":[50,50,0],"ix":2,"l":2},"a":{"a":0,"k":[-76,30.5,0],"ix":1,"l":2},"s":{"a":1,"k":[{"i":{"x":[0.667,0.667,0.667],"y":[1,1,1]},"o":{"x":[0.333,0.333,0.333],"y":[0,0,0]},"t":38,"s":[100,100,100]},{"t":221,"s":[50,50,100]}],"ix":6,"l":2}},"ao":0,"shapes":[{"ty":"gr","it":[{"ind":0,"ty":"sh","ix":1,"ks":{"a":0,"k":{"i":[[0,0],[0,0],[0,0],[0,0]],"o":[[0,0],[0,0],[0,0],[0,0]],"v":[[12.5,-12.5],[12.5,12.5],[-12.5,12.5],[-12.5,-12.5]],"c":true},"ix":2},"nm":"Path 1","mn":"ADBE Vector Shape - Group","hd":false},{"ty":"fl","c":{"a":0,"k":[1,0.843017578125,0.392150878906,1],"ix":4},"o":{"a":0,"k":100,"ix":5},"r":1,"bm":0,"nm":"Fill 1","mn":"ADBE Vector Graphic - Fill","hd":false},{"ty":"tr","p":{"a":0,"k":[-76,30.5],"ix":2},"a":{"a":0,"k":[0,0],"ix":1},"s":{"a":0,"k":[100,100],"ix":3},"r":{"a":0,"k":0,"ix":6},"o":{"a":0,"k":100,"ix":7},"sk":{"a":0,"k":0,"ix":4},"sa":{"a":0,"k":0,"ix":5},"nm":"Transform"}],"nm":"Rectangle 1","np":3,"cix":2,"bm":0,"ix":1,"mn":"ADBE Vector Group","hd":false}],"ip":0,"op":251,"st":0,"ct":1,"bm":0},{"ddd":0,"ind":17,"ty":3,"nm":"NULL CONTROL 6","sr":1,"ks":{"o":{"a":0,"k":0,"ix":11},"r":{"a":0,"k":0,"ix":10},"p":{"a":1,"k":[{"i":{"x":0.288,"y":1},"o":{"x":0.158,"y":0},"t":0,"s":[201.5,-44,0],"to":[85.75,85.417,0],"ti":[-62.75,-36.917,0]},{"t":236,"s":[232.5,150,0]}],"ix":2,"l":2},"a":{"a":0,"k":[50,50,0],"ix":1,"l":2},"s":{"a":0,"k":[100,100,100],"ix":6,"l":2}},"ao":0,"ip":0,"op":251,"st":0,"bm":0},{"ddd":0,"ind":18,"ty":3,"nm":"NULL CONTROL 5","parent":17,"sr":1,"ks":{"o":{"a":0,"k":0,"ix":11},"r":{"a":0,"k":0,"ix":10,"x":"var $bm_rt;\nvar a = thisLayer('ADBE Effect Parade');\nvar b = a('[d] Rotation');\nvar c = b('Pseudo/IwOVa882cc43v-0001');\nvar d = b('Pseudo/IwOVa882cc43v-0002');\nvar e = b('Pseudo/IwOVa882cc43v-0003');\nvar f = b('Pseudo/IwOVa882cc43v-0004');\nvar seedValue = b('Pseudo/IwOVa882cc43v-0005');\nvar g = value;\nif (c > 0) {\n    if (d == 1) {\n        seedRandom($bm_mul(seedValue, 1000));\n        g = wiggle(e, f, 1, 1, time);\n    } else if (d == 2) {\n        seedRandom(seedValue);\n        var freq = $bm_div(1, e);\n        var times = $bm_div(thisComp.duration, freq);\n        var progress = $bm_div(time, $bm_sum(thisComp.duration, thisComp.frameDuration));\n        g = wiggle(e, f, 1, 1, Math.floor($bm_mul(times, progress)));\n    }\n}\n$bm_rt = g;"},"p":{"a":0,"k":[50,50,0],"ix":2,"l":2},"a":{"a":0,"k":[50,50,0],"ix":1,"l":2},"s":{"a":1,"k":[{"i":{"x":[0.667,0.667,0.667],"y":[1,1,1]},"o":{"x":[0.333,0.333,0.333],"y":[0,0,0]},"t":8,"s":[100,100,100]},{"i":{"x":[0.667,0.667,0.667],"y":[1,1,1]},"o":{"x":[0.333,0.333,0.333],"y":[0,0,0]},"t":36,"s":[100,-61,100]},{"i":{"x":[0.667,0.667,0.667],"y":[1,1,1]},"o":{"x":[0.333,0.333,0.333],"y":[0,0,0]},"t":94,"s":[100,-37,100]},{"i":{"x":[0.667,0.667,0.667],"y":[1,1,1]},"o":{"x":[0.333,0.333,0.333],"y":[0,0,0]},"t":128,"s":[100,92,100]},{"i":{"x":[0.667,0.667,0.667],"y":[1,1,1]},"o":{"x":[0.333,0.333,0.333],"y":[0,0,0]},"t":216,"s":[100,14,100]},{"t":240,"s":[100,100,100]}],"ix":6,"l":2}},"ao":0,"ef":[{"ty":5,"nm":"[d] Rotation","np":7,"mn":"Pseudo/IwOVa882cc43v","ix":1,"en":1,"ef":[{"ty":7,"nm":"Enable","mn":"Pseudo/IwOVa882cc43v-0001","ix":1,"v":{"a":0,"k":1,"ix":1}},{"ty":7,"nm":"Type","mn":"Pseudo/IwOVa882cc43v-0002","ix":2,"v":{"a":0,"k":1,"ix":2}},{"ty":0,"nm":"Frequency","mn":"Pseudo/IwOVa882cc43v-0003","ix":3,"v":{"a":0,"k":0.5,"ix":3}},{"ty":0,"nm":"Amount","mn":"Pseudo/IwOVa882cc43v-0004","ix":4,"v":{"a":0,"k":90,"ix":4}},{"ty":0,"nm":"Seed","mn":"Pseudo/IwOVa882cc43v-0005","ix":5,"v":{"a":0,"k":1,"ix":5}}]}],"ip":0,"op":251,"st":0,"bm":0},{"ddd":0,"ind":19,"ty":4,"nm":"Shape Layer 39","parent":18,"sr":1,"ks":{"o":{"a":1,"k":[{"i":{"x":[0.833],"y":[0.833]},"o":{"x":[0.167],"y":[0.167]},"t":181,"s":[100]},{"t":207,"s":[0]}],"ix":11},"r":{"a":0,"k":-45,"ix":10},"p":{"a":0,"k":[50,50,0],"ix":2,"l":2},"a":{"a":0,"k":[-76,30.5,0],"ix":1,"l":2},"s":{"a":1,"k":[{"i":{"x":[0.667,0.667,0.667],"y":[1,1,1]},"o":{"x":[0.333,0.333,0.333],"y":[0,0,0]},"t":38,"s":[100,100,100]},{"t":215,"s":[50,50,100]}],"ix":6,"l":2}},"ao":0,"shapes":[{"ty":"gr","it":[{"ind":0,"ty":"sh","ix":1,"ks":{"a":0,"k":{"i":[[0,0],[0,0],[0,0],[0,0]],"o":[[0,0],[0,0],[0,0],[0,0]],"v":[[12.5,-12.5],[12.5,12.5],[-12.5,12.5],[-12.5,-12.5]],"c":true},"ix":2},"nm":"Path 1","mn":"ADBE Vector Shape - Group","hd":false},{"ty":"fl","c":{"a":0,"k":[0.917572021484,0.364715576172,0.63916015625,1],"ix":4},"o":{"a":0,"k":100,"ix":5},"r":1,"bm":0,"nm":"Fill 1","mn":"ADBE Vector Graphic - Fill","hd":false},{"ty":"tr","p":{"a":0,"k":[-76,30.5],"ix":2},"a":{"a":0,"k":[0,0],"ix":1},"s":{"a":0,"k":[100,100],"ix":3},"r":{"a":0,"k":0,"ix":6},"o":{"a":0,"k":100,"ix":7},"sk":{"a":0,"k":0,"ix":4},"sa":{"a":0,"k":0,"ix":5},"nm":"Transform"}],"nm":"Rectangle 1","np":3,"cix":2,"bm":0,"ix":1,"mn":"ADBE Vector Group","hd":false}],"ip":0,"op":251,"st":0,"ct":1,"bm":0},{"ddd":0,"ind":20,"ty":3,"nm":"NULL CONTROL 4","sr":1,"ks":{"o":{"a":0,"k":0,"ix":11},"r":{"a":0,"k":0,"ix":10},"p":{"a":1,"k":[{"i":{"x":0.288,"y":1},"o":{"x":0.158,"y":0},"t":0,"s":[296,-23,0],"to":[-60.75,83.917,0],"ti":[-27.75,-142.917,0]},{"t":243,"s":[446.5,306.5,0]}],"ix":2,"l":2},"a":{"a":0,"k":[50,50,0],"ix":1,"l":2},"s":{"a":0,"k":[100,100,100],"ix":6,"l":2}},"ao":0,"ip":0,"op":251,"st":0,"bm":0},{"ddd":0,"ind":21,"ty":3,"nm":"NULL CONTROL 3","parent":20,"sr":1,"ks":{"o":{"a":0,"k":0,"ix":11},"r":{"a":0,"k":0,"ix":10,"x":"var $bm_rt;\nvar a = thisLayer('ADBE Effect Parade');\nvar b = a('[d] Rotation');\nvar c = b('Pseudo/IwOVa882cc43v-0001');\nvar d = b('Pseudo/IwOVa882cc43v-0002');\nvar e = b('Pseudo/IwOVa882cc43v-0003');\nvar f = b('Pseudo/IwOVa882cc43v-0004');\nvar seedValue = b('Pseudo/IwOVa882cc43v-0005');\nvar g = value;\nif (c > 0) {\n    if (d == 1) {\n        seedRandom($bm_mul(seedValue, 1000));\n        g = wiggle(e, f, 1, 1, time);\n    } else if (d == 2) {\n        seedRandom(seedValue);\n        var freq = $bm_div(1, e);\n        var times = $bm_div(thisComp.duration, freq);\n        var progress = $bm_div(time, $bm_sum(thisComp.duration, thisComp.frameDuration));\n        g = wiggle(e, f, 1, 1, Math.floor($bm_mul(times, progress)));\n    }\n}\n$bm_rt = g;"},"p":{"a":0,"k":[50,50,0],"ix":2,"l":2},"a":{"a":0,"k":[50,50,0],"ix":1,"l":2},"s":{"a":1,"k":[{"i":{"x":[0.667,0.667,0.667],"y":[1,1,1]},"o":{"x":[0.333,0.333,0.333],"y":[0,0,0]},"t":8,"s":[100,100,100]},{"i":{"x":[0.667,0.667,0.667],"y":[1,1,1]},"o":{"x":[0.333,0.333,0.333],"y":[0,0,0]},"t":87.893,"s":[100,-37,100]},{"i":{"x":[0.667,0.667,0.667],"y":[1,1,1]},"o":{"x":[0.333,0.333,0.333],"y":[0,0,0]},"t":134,"s":[100,-61,100]},{"i":{"x":[0.667,0.667,0.667],"y":[1,1,1]},"o":{"x":[0.333,0.333,0.333],"y":[0,0,0]},"t":149.189,"s":[100,14,100]},{"i":{"x":[0.667,0.667,0.667],"y":[1,1,1]},"o":{"x":[0.333,0.333,0.333],"y":[0,0,0]},"t":198,"s":[100,-42,100]},{"i":{"x":[0.667,0.667,0.667],"y":[1,1,1]},"o":{"x":[0.333,0.333,0.333],"y":[0,0,0]},"t":214.135,"s":[100,92,100]},{"t":226,"s":[100,100,100]}],"ix":6,"l":2}},"ao":0,"ef":[{"ty":5,"nm":"[d] Rotation","np":7,"mn":"Pseudo/IwOVa882cc43v","ix":1,"en":1,"ef":[{"ty":7,"nm":"Enable","mn":"Pseudo/IwOVa882cc43v-0001","ix":1,"v":{"a":0,"k":1,"ix":1}},{"ty":7,"nm":"Type","mn":"Pseudo/IwOVa882cc43v-0002","ix":2,"v":{"a":0,"k":1,"ix":2}},{"ty":0,"nm":"Frequency","mn":"Pseudo/IwOVa882cc43v-0003","ix":3,"v":{"a":0,"k":0.5,"ix":3}},{"ty":0,"nm":"Amount","mn":"Pseudo/IwOVa882cc43v-0004","ix":4,"v":{"a":0,"k":90,"ix":4}},{"ty":0,"nm":"Seed","mn":"Pseudo/IwOVa882cc43v-0005","ix":5,"v":{"a":0,"k":1,"ix":5}}]}],"ip":0,"op":251,"st":0,"bm":0},{"ddd":0,"ind":22,"ty":4,"nm":"Shape Layer 38","parent":21,"sr":1,"ks":{"o":{"a":1,"k":[{"i":{"x":[0.833],"y":[0.833]},"o":{"x":[0.167],"y":[0.167]},"t":164,"s":[100]},{"t":190,"s":[0]}],"ix":11},"r":{"a":0,"k":-45,"ix":10},"p":{"a":0,"k":[50,50,0],"ix":2,"l":2},"a":{"a":0,"k":[-76,30.5,0],"ix":1,"l":2},"s":{"a":1,"k":[{"i":{"x":[0.667,0.667,0.667],"y":[1,1,1]},"o":{"x":[0.333,0.333,0.333],"y":[0,0,0]},"t":38,"s":[100,100,100]},{"t":207,"s":[50,50,100]}],"ix":6,"l":2}},"ao":0,"shapes":[{"ty":"gr","it":[{"ind":0,"ty":"sh","ix":1,"ks":{"a":0,"k":{"i":[[0,0],[0,0],[0,0],[0,0]],"o":[[0,0],[0,0],[0,0],[0,0]],"v":[[12.5,-12.5],[12.5,12.5],[-12.5,12.5],[-12.5,-12.5]],"c":true},"ix":2},"nm":"Path 1","mn":"ADBE Vector Shape - Group","hd":false},{"ty":"fl","c":{"a":0,"k":[0.909637451172,0.423522949219,0.37646484375,1],"ix":4},"o":{"a":0,"k":100,"ix":5},"r":1,"bm":0,"nm":"Fill 1","mn":"ADBE Vector Graphic - Fill","hd":false},{"ty":"tr","p":{"a":0,"k":[-76,30.5],"ix":2},"a":{"a":0,"k":[0,0],"ix":1},"s":{"a":0,"k":[100,100],"ix":3},"r":{"a":0,"k":0,"ix":6},"o":{"a":0,"k":100,"ix":7},"sk":{"a":0,"k":0,"ix":4},"sa":{"a":0,"k":0,"ix":5},"nm":"Transform"}],"nm":"Rectangle 1","np":3,"cix":2,"bm":0,"ix":1,"mn":"ADBE Vector Group","hd":false}],"ip":0,"op":251,"st":0,"ct":1,"bm":0},{"ddd":0,"ind":23,"ty":3,"nm":"NULL CONTROL 2","sr":1,"ks":{"o":{"a":0,"k":0,"ix":11},"r":{"a":0,"k":0,"ix":10},"p":{"a":1,"k":[{"i":{"x":0.288,"y":1},"o":{"x":0.158,"y":0},"t":0,"s":[104.5,-23,0],"to":[-60.75,83.917,0],"ti":[-43.25,-120.917,0]},{"t":226,"s":[54.5,235,0]}],"ix":2,"l":2},"a":{"a":0,"k":[50,50,0],"ix":1,"l":2},"s":{"a":0,"k":[100,100,100],"ix":6,"l":2}},"ao":0,"ip":0,"op":251,"st":0,"bm":0},{"ddd":0,"ind":24,"ty":3,"nm":"NULL CONTROL 1","parent":23,"sr":1,"ks":{"o":{"a":0,"k":0,"ix":11},"r":{"a":0,"k":0,"ix":10,"x":"var $bm_rt;\nvar a = thisLayer('ADBE Effect Parade');\nvar b = a('[d] Rotation');\nvar c = b('Pseudo/IwOVa882cc43v-0001');\nvar d = b('Pseudo/IwOVa882cc43v-0002');\nvar e = b('Pseudo/IwOVa882cc43v-0003');\nvar f = b('Pseudo/IwOVa882cc43v-0004');\nvar seedValue = b('Pseudo/IwOVa882cc43v-0005');\nvar g = value;\nif (c > 0) {\n    if (d == 1) {\n        seedRandom($bm_mul(seedValue, 1000));\n        g = wiggle(e, f, 1, 1, time);\n    } else if (d == 2) {\n        seedRandom(seedValue);\n        var freq = $bm_div(1, e);\n        var times = $bm_div(thisComp.duration, freq);\n        var progress = $bm_div(time, $bm_sum(thisComp.duration, thisComp.frameDuration));\n        g = wiggle(e, f, 1, 1, Math.floor($bm_mul(times, progress)));\n    }\n}\n$bm_rt = g;"},"p":{"a":0,"k":[50,50,0],"ix":2,"l":2},"a":{"a":0,"k":[50,50,0],"ix":1,"l":2},"s":{"a":1,"k":[{"i":{"x":[0.667,0.667,0.667],"y":[1,1,1]},"o":{"x":[0.333,0.333,0.333],"y":[0,0,0]},"t":7,"s":[100,100,100]},{"i":{"x":[0.667,0.667,0.667],"y":[1,1,1]},"o":{"x":[0.333,0.333,0.333],"y":[0,0,0]},"t":37,"s":[100,-37,100]},{"i":{"x":[0.667,0.667,0.667],"y":[1,1,1]},"o":{"x":[0.333,0.333,0.333],"y":[0,0,0]},"t":74,"s":[100,-61,100]},{"i":{"x":[0.667,0.667,0.667],"y":[1,1,1]},"o":{"x":[0.333,0.333,0.333],"y":[0,0,0]},"t":121,"s":[100,14,100]},{"i":{"x":[0.667,0.667,0.667],"y":[1,1,1]},"o":{"x":[0.333,0.333,0.333],"y":[0,0,0]},"t":149,"s":[100,-42,100]},{"i":{"x":[0.667,0.667,0.667],"y":[1,1,1]},"o":{"x":[0.333,0.333,0.333],"y":[0,0,0]},"t":210,"s":[100,92,100]},{"t":232,"s":[100,100,100]}],"ix":6,"l":2}},"ao":0,"ef":[{"ty":5,"nm":"[d] Rotation","np":7,"mn":"Pseudo/IwOVa882cc43v","ix":1,"en":1,"ef":[{"ty":7,"nm":"Enable","mn":"Pseudo/IwOVa882cc43v-0001","ix":1,"v":{"a":0,"k":1,"ix":1}},{"ty":7,"nm":"Type","mn":"Pseudo/IwOVa882cc43v-0002","ix":2,"v":{"a":0,"k":1,"ix":2}},{"ty":0,"nm":"Frequency","mn":"Pseudo/IwOVa882cc43v-0003","ix":3,"v":{"a":0,"k":0.5,"ix":3}},{"ty":0,"nm":"Amount","mn":"Pseudo/IwOVa882cc43v-0004","ix":4,"v":{"a":0,"k":90,"ix":4}},{"ty":0,"nm":"Seed","mn":"Pseudo/IwOVa882cc43v-0005","ix":5,"v":{"a":0,"k":1,"ix":5}}]}],"ip":0,"op":251,"st":0,"bm":0},{"ddd":0,"ind":25,"ty":4,"nm":"Shape Layer 37","parent":24,"sr":1,"ks":{"o":{"a":1,"k":[{"i":{"x":[0.833],"y":[0.833]},"o":{"x":[0.167],"y":[0.167]},"t":174,"s":[100]},{"t":200,"s":[0]}],"ix":11},"r":{"a":0,"k":-45,"ix":10},"p":{"a":0,"k":[50,50,0],"ix":2,"l":2},"a":{"a":0,"k":[-76,30.5,0],"ix":1,"l":2},"s":{"a":1,"k":[{"i":{"x":[0.667,0.667,0.667],"y":[1,1,1]},"o":{"x":[0.333,0.333,0.333],"y":[0,0,0]},"t":38,"s":[100,100,100]},{"t":207,"s":[50,50,100]}],"ix":6,"l":2}},"ao":0,"shapes":[{"ty":"gr","it":[{"ind":0,"ty":"sh","ix":1,"ks":{"a":0,"k":{"i":[[0,0],[0,0],[0,0],[0,0]],"o":[[0,0],[0,0],[0,0],[0,0]],"v":[[12.5,-12.5],[12.5,12.5],[-12.5,12.5],[-12.5,-12.5]],"c":true},"ix":2},"nm":"Path 1","mn":"ADBE Vector Shape - Group","hd":false},{"ty":"fl","c":{"a":0,"k":[0.909637451172,0.423522949219,0.37646484375,1],"ix":4},"o":{"a":0,"k":100,"ix":5},"r":1,"bm":0,"nm":"Fill 1","mn":"ADBE Vector Graphic - Fill","hd":false},{"ty":"tr","p":{"a":0,"k":[-76,30.5],"ix":2},"a":{"a":0,"k":[0,0],"ix":1},"s":{"a":0,"k":[100,100],"ix":3},"r":{"a":0,"k":0,"ix":6},"o":{"a":0,"k":100,"ix":7},"sk":{"a":0,"k":0,"ix":4},"sa":{"a":0,"k":0,"ix":5},"nm":"Transform"}],"nm":"Rectangle 1","np":3,"cix":2,"bm":0,"ix":1,"mn":"ADBE Vector Group","hd":false}],"ip":0,"op":251,"st":0,"ct":1,"bm":0},{"ddd":0,"ind":26,"ty":3,"nm":"NULL CONTROL ","sr":1,"ks":{"o":{"a":0,"k":0,"ix":11},"r":{"a":0,"k":0,"ix":10},"p":{"a":0,"k":[295.75,137.5,0],"ix":2,"l":2},"a":{"a":0,"k":[50,50,0],"ix":1,"l":2},"s":{"a":0,"k":[100,100,100],"ix":6,"l":2}},"ao":0,"ip":0,"op":251,"st":0,"bm":0},{"ddd":0,"ind":27,"ty":4,"nm":"Shape Layer 36","parent":26,"sr":1,"ks":{"o":{"a":1,"k":[{"i":{"x":[0.833],"y":[0.833]},"o":{"x":[0.167],"y":[0.167]},"t":139,"s":[100]},{"t":161,"s":[0]}],"ix":11},"r":{"a":0,"k":0,"ix":10},"p":{"a":0,"k":[-93.25,-21.25,0],"ix":2,"l":2},"a":{"a":0,"k":[-152,-113.25,0],"ix":1,"l":2},"s":{"a":0,"k":[100,100,100],"ix":6,"l":2}},"ao":0,"shapes":[{"ty":"gr","it":[{"ind":0,"ty":"sh","ix":1,"ks":{"a":0,"k":{"i":[[0,0],[48,-61.5]],"o":[[31,71],[0,0]],"v":[[-90,-274.5],[-125,10.5]],"c":false},"ix":2},"nm":"Path 1","mn":"ADBE Vector Shape - Group","hd":false},{"ty":"tm","s":{"a":1,"k":[{"i":{"x":[0.265],"y":[1]},"o":{"x":[0.121],"y":[0.282]},"t":11,"s":[0]},{"t":217,"s":[100]}],"ix":1},"e":{"a":1,"k":[{"i":{"x":[0.265],"y":[1]},"o":{"x":[0.121],"y":[0.277]},"t":3,"s":[0]},{"t":207,"s":[100]}],"ix":2},"o":{"a":0,"k":0,"ix":3},"m":1,"ix":2,"nm":"Trim Paths 1","mn":"ADBE Vector Filter - Trim","hd":false},{"ty":"st","c":{"a":0,"k":[0.423522949219,0.7685546875,0.960723876953,1],"ix":3},"o":{"a":0,"k":100,"ix":4},"w":{"a":0,"k":15,"ix":5},"lc":2,"lj":1,"ml":4,"bm":0,"nm":"Stroke 1","mn":"ADBE Vector Graphic - Stroke","hd":false},{"ty":"tr","p":{"a":0,"k":[116.5,-4.5],"ix":2},"a":{"a":0,"k":[0,0],"ix":1},"s":{"a":0,"k":[100,100],"ix":3},"r":{"a":0,"k":0,"ix":6},"o":{"a":0,"k":100,"ix":7},"sk":{"a":0,"k":0,"ix":4},"sa":{"a":0,"k":0,"ix":5},"nm":"Transform"}],"nm":"Shape 1","np":4,"cix":2,"bm":0,"ix":1,"mn":"ADBE Vector Group","hd":false}],"ip":-17,"op":234,"st":-17,"ct":1,"bm":0},{"ddd":0,"ind":28,"ty":4,"nm":"Shape Layer 35","parent":26,"sr":1,"ks":{"o":{"a":1,"k":[{"i":{"x":[0.833],"y":[0.833]},"o":{"x":[0.167],"y":[0.167]},"t":176,"s":[100]},{"t":189,"s":[0]}],"ix":11},"r":{"a":0,"k":0,"ix":10},"p":{"a":0,"k":[321.25,81.75,0],"ix":2,"l":2},"a":{"a":0,"k":[-152,-113.25,0],"ix":1,"l":2},"s":{"a":0,"k":[-100,100,100],"ix":6,"l":2}},"ao":0,"shapes":[{"ty":"gr","it":[{"ind":0,"ty":"sh","ix":1,"ks":{"a":0,"k":{"i":[[0,0],[-14,-67]],"o":[[-1,72.5],[0,0]],"v":[[-132,-276.5],[-134.5,-52.5]],"c":false},"ix":2},"nm":"Path 1","mn":"ADBE Vector Shape - Group","hd":false},{"ty":"tm","s":{"a":1,"k":[{"i":{"x":[0.265],"y":[1]},"o":{"x":[0.121],"y":[0.282]},"t":28,"s":[0]},{"t":234,"s":[100]}],"ix":1},"e":{"a":1,"k":[{"i":{"x":[0.265],"y":[1]},"o":{"x":[0.121],"y":[0.277]},"t":20,"s":[0]},{"t":224,"s":[100]}],"ix":2},"o":{"a":0,"k":0,"ix":3},"m":1,"ix":2,"nm":"Trim Paths 1","mn":"ADBE Vector Filter - Trim","hd":false},{"ty":"st","c":{"a":0,"k":[0.423522949219,0.7685546875,0.960723876953,1],"ix":3},"o":{"a":0,"k":100,"ix":4},"w":{"a":0,"k":15,"ix":5},"lc":2,"lj":1,"ml":4,"bm":0,"nm":"Stroke 1","mn":"ADBE Vector Graphic - Stroke","hd":false},{"ty":"tr","p":{"a":0,"k":[116.5,-4.5],"ix":2},"a":{"a":0,"k":[0,0],"ix":1},"s":{"a":0,"k":[100,100],"ix":3},"r":{"a":0,"k":0,"ix":6},"o":{"a":0,"k":100,"ix":7},"sk":{"a":0,"k":0,"ix":4},"sa":{"a":0,"k":0,"ix":5},"nm":"Transform"}],"nm":"Shape 1","np":4,"cix":2,"bm":0,"ix":1,"mn":"ADBE Vector Group","hd":false}],"ip":0,"op":251,"st":0,"ct":1,"bm":0},{"ddd":0,"ind":29,"ty":4,"nm":"Shape Layer 34","parent":26,"sr":1,"ks":{"o":{"a":1,"k":[{"i":{"x":[0.833],"y":[0.833]},"o":{"x":[0.167],"y":[0.167]},"t":145,"s":[100]},{"t":158,"s":[0]}],"ix":11},"r":{"a":0,"k":0,"ix":10},"p":{"a":0,"k":[-20.25,8.25,0],"ix":2,"l":2},"a":{"a":0,"k":[-152,-113.25,0],"ix":1,"l":2},"s":{"a":0,"k":[-100,100,100],"ix":6,"l":2}},"ao":0,"shapes":[{"ty":"gr","it":[{"ind":0,"ty":"sh","ix":1,"ks":{"a":0,"k":{"i":[[0,0],[-18.5,-66]],"o":[[31,71],[0,0]],"v":[[-90,-274.5],[-90,-14]],"c":false},"ix":2},"nm":"Path 1","mn":"ADBE Vector Shape - Group","hd":false},{"ty":"tm","s":{"a":1,"k":[{"i":{"x":[0.265],"y":[1]},"o":{"x":[0.121],"y":[0.282]},"t":-3,"s":[0]},{"t":203,"s":[100]}],"ix":1},"e":{"a":1,"k":[{"i":{"x":[0.265],"y":[1]},"o":{"x":[0.121],"y":[0.277]},"t":-11,"s":[0]},{"t":193,"s":[100]}],"ix":2},"o":{"a":0,"k":0,"ix":3},"m":1,"ix":2,"nm":"Trim Paths 1","mn":"ADBE Vector Filter - Trim","hd":false},{"ty":"st","c":{"a":0,"k":[0.423522949219,0.7685546875,0.960723876953,1],"ix":3},"o":{"a":0,"k":100,"ix":4},"w":{"a":0,"k":15,"ix":5},"lc":2,"lj":1,"ml":4,"bm":0,"nm":"Stroke 1","mn":"ADBE Vector Graphic - Stroke","hd":false},{"ty":"tr","p":{"a":0,"k":[116.5,-4.5],"ix":2},"a":{"a":0,"k":[0,0],"ix":1},"s":{"a":0,"k":[100,100],"ix":3},"r":{"a":0,"k":0,"ix":6},"o":{"a":0,"k":100,"ix":7},"sk":{"a":0,"k":0,"ix":4},"sa":{"a":0,"k":0,"ix":5},"nm":"Transform"}],"nm":"Shape 1","np":4,"cix":2,"bm":0,"ix":1,"mn":"ADBE Vector Group","hd":false}],"ip":-31,"op":220,"st":-31,"ct":1,"bm":0},{"ddd":0,"ind":30,"ty":4,"nm":"Shape Layer 33","parent":26,"sr":1,"ks":{"o":{"a":1,"k":[{"i":{"x":[0.833],"y":[0.833]},"o":{"x":[0.167],"y":[0.167]},"t":154,"s":[100]},{"t":173,"s":[0]}],"ix":11},"r":{"a":0,"k":0,"ix":10},"p":{"a":0,"k":[93.75,18.25,0],"ix":2,"l":2},"a":{"a":0,"k":[-152,-113.25,0],"ix":1,"l":2},"s":{"a":0,"k":[-100,100,100],"ix":6,"l":2}},"ao":0,"shapes":[{"ty":"gr","it":[{"ind":0,"ty":"sh","ix":1,"ks":{"a":0,"k":{"i":[[0,0],[22.5,-58]],"o":[[-1,72.5],[0,0]],"v":[[-116,-351],[-92.5,-99]],"c":false},"ix":2},"nm":"Path 1","mn":"ADBE Vector Shape - Group","hd":false},{"ty":"tm","s":{"a":1,"k":[{"i":{"x":[0.265],"y":[1]},"o":{"x":[0.121],"y":[0.282]},"t":28,"s":[0]},{"t":234,"s":[100]}],"ix":1},"e":{"a":1,"k":[{"i":{"x":[0.265],"y":[1]},"o":{"x":[0.121],"y":[0.277]},"t":20,"s":[0]},{"t":224,"s":[100]}],"ix":2},"o":{"a":0,"k":0,"ix":3},"m":1,"ix":2,"nm":"Trim Paths 1","mn":"ADBE Vector Filter - Trim","hd":false},{"ty":"st","c":{"a":0,"k":[0.423522949219,0.7685546875,0.960723876953,1],"ix":3},"o":{"a":0,"k":100,"ix":4},"w":{"a":0,"k":15,"ix":5},"lc":2,"lj":1,"ml":4,"bm":0,"nm":"Stroke 1","mn":"ADBE Vector Graphic - Stroke","hd":false},{"ty":"tr","p":{"a":0,"k":[116.5,-4.5],"ix":2},"a":{"a":0,"k":[0,0],"ix":1},"s":{"a":0,"k":[100,100],"ix":3},"r":{"a":0,"k":0,"ix":6},"o":{"a":0,"k":100,"ix":7},"sk":{"a":0,"k":0,"ix":4},"sa":{"a":0,"k":0,"ix":5},"nm":"Transform"}],"nm":"Shape 1","np":4,"cix":2,"bm":0,"ix":1,"mn":"ADBE Vector Group","hd":false}],"ip":0,"op":251,"st":0,"ct":1,"bm":0},{"ddd":0,"ind":31,"ty":4,"nm":"Shape Layer 31","parent":26,"sr":1,"ks":{"o":{"a":1,"k":[{"i":{"x":[0.833],"y":[0.833]},"o":{"x":[0.167],"y":[0.167]},"t":176,"s":[100]},{"t":189,"s":[0]}],"ix":11},"r":{"a":0,"k":0,"ix":10},"p":{"a":0,"k":[280.25,78.25,0],"ix":2,"l":2},"a":{"a":0,"k":[-152,-113.25,0],"ix":1,"l":2},"s":{"a":0,"k":[-100,100,100],"ix":6,"l":2}},"ao":0,"shapes":[{"ty":"gr","it":[{"ind":0,"ty":"sh","ix":1,"ks":{"a":0,"k":{"i":[[0,0],[4.393,-37.738],[-53.5,58.5]],"o":[[47.5,63],[-6.395,54.929],[0,0]],"v":[[-152,-256],[-186.605,-118.929],[-75.5,-82]],"c":false},"ix":2},"nm":"Path 1","mn":"ADBE Vector Shape - Group","hd":false},{"ty":"tm","s":{"a":1,"k":[{"i":{"x":[0.265],"y":[1]},"o":{"x":[0.121],"y":[0.282]},"t":28,"s":[0]},{"t":234,"s":[100]}],"ix":1},"e":{"a":1,"k":[{"i":{"x":[0.265],"y":[1]},"o":{"x":[0.121],"y":[0.277]},"t":20,"s":[0]},{"t":224,"s":[100]}],"ix":2},"o":{"a":0,"k":0,"ix":3},"m":1,"ix":2,"nm":"Trim Paths 1","mn":"ADBE Vector Filter - Trim","hd":false},{"ty":"st","c":{"a":0,"k":[1,0.843017578125,0.392150878906,1],"ix":3},"o":{"a":0,"k":100,"ix":4},"w":{"a":0,"k":15,"ix":5},"lc":2,"lj":1,"ml":4,"bm":0,"nm":"Stroke 1","mn":"ADBE Vector Graphic - Stroke","hd":false},{"ty":"tr","p":{"a":0,"k":[116.5,-4.5],"ix":2},"a":{"a":0,"k":[0,0],"ix":1},"s":{"a":0,"k":[100,100],"ix":3},"r":{"a":0,"k":0,"ix":6},"o":{"a":0,"k":100,"ix":7},"sk":{"a":0,"k":0,"ix":4},"sa":{"a":0,"k":0,"ix":5},"nm":"Transform"}],"nm":"Shape 1","np":4,"cix":2,"bm":0,"ix":1,"mn":"ADBE Vector Group","hd":false}],"ip":0,"op":251,"st":0,"ct":1,"bm":0},{"ddd":0,"ind":32,"ty":4,"nm":"Shape Layer 30","parent":26,"sr":1,"ks":{"o":{"a":1,"k":[{"i":{"x":[0.833],"y":[0.833]},"o":{"x":[0.167],"y":[0.167]},"t":107,"s":[100]},{"t":120,"s":[0]}],"ix":11},"r":{"a":0,"k":0,"ix":10},"p":{"a":0,"k":[-1.25,-10.75,0],"ix":2,"l":2},"a":{"a":0,"k":[-152,-113.25,0],"ix":1,"l":2},"s":{"a":0,"k":[100,100,100],"ix":6,"l":2}},"ao":0,"shapes":[{"ty":"gr","it":[{"ind":0,"ty":"sh","ix":1,"ks":{"a":0,"k":{"i":[[0,0],[-35.89,-12.465],[48,11]],"o":[[-62,65],[40.105,13.929],[0,0]],"v":[[-152,-256],[-180.605,-123.929],[-166.5,-177]],"c":false},"ix":2},"nm":"Path 1","mn":"ADBE Vector Shape - Group","hd":false},{"ty":"tm","s":{"a":1,"k":[{"i":{"x":[0.265],"y":[1]},"o":{"x":[0.121],"y":[0.282]},"t":-11,"s":[0]},{"t":165,"s":[100]}],"ix":1},"e":{"a":1,"k":[{"i":{"x":[0.265],"y":[1]},"o":{"x":[0.121],"y":[0.282]},"t":-19,"s":[0]},{"t":155,"s":[100]}],"ix":2},"o":{"a":0,"k":0,"ix":3},"m":1,"ix":2,"nm":"Trim Paths 1","mn":"ADBE Vector Filter - Trim","hd":false},{"ty":"st","c":{"a":0,"k":[0.90966796875,0.423522949219,0.37646484375,1],"ix":3},"o":{"a":0,"k":100,"ix":4},"w":{"a":0,"k":15,"ix":5},"lc":2,"lj":1,"ml":4,"bm":0,"nm":"Stroke 1","mn":"ADBE Vector Graphic - Stroke","hd":false},{"ty":"tr","p":{"a":0,"k":[0,0],"ix":2},"a":{"a":0,"k":[0,0],"ix":1},"s":{"a":0,"k":[100,100],"ix":3},"r":{"a":0,"k":0,"ix":6},"o":{"a":0,"k":100,"ix":7},"sk":{"a":0,"k":0,"ix":4},"sa":{"a":0,"k":0,"ix":5},"nm":"Transform"}],"nm":"Shape 1","np":4,"cix":2,"bm":0,"ix":1,"mn":"ADBE Vector Group","hd":false}],"ip":-39,"op":212,"st":-39,"ct":1,"bm":0},{"ddd":0,"ind":33,"ty":4,"nm":"Shape Layer 32","parent":26,"sr":1,"ks":{"o":{"a":1,"k":[{"i":{"x":[0.833],"y":[0.833]},"o":{"x":[0.167],"y":[0.167]},"t":151,"s":[100]},{"t":165,"s":[0]}],"ix":11},"r":{"a":0,"k":0,"ix":10},"p":{"a":0,"k":[-180.25,21.75,0],"ix":2,"l":2},"a":{"a":0,"k":[-152,-113.25,0],"ix":1,"l":2},"s":{"a":0,"k":[100,100,100],"ix":6,"l":2}},"ao":0,"shapes":[{"ty":"gr","it":[{"ind":0,"ty":"sh","ix":1,"ks":{"a":0,"k":{"i":[[0,0],[-32.445,-28.986],[35.5,55]],"o":[[-50.5,45.5],[62.309,55.667],[0,0]],"v":[[-152,-256],[-193.555,-82.014],[-117.5,-144]],"c":false},"ix":2},"nm":"Path 1","mn":"ADBE Vector Shape - Group","hd":false},{"ty":"tm","s":{"a":1,"k":[{"i":{"x":[0.265],"y":[1]},"o":{"x":[0.121],"y":[0.282]},"t":28,"s":[0]},{"t":221,"s":[100]}],"ix":1},"e":{"a":1,"k":[{"i":{"x":[0.265],"y":[1]},"o":{"x":[0.121],"y":[0.282]},"t":20,"s":[0]},{"t":211,"s":[100]}],"ix":2},"o":{"a":0,"k":0,"ix":3},"m":1,"ix":2,"nm":"Trim Paths 1","mn":"ADBE Vector Filter - Trim","hd":false},{"ty":"st","c":{"a":0,"k":[0.917602539063,0.364715576172,0.639190673828,1],"ix":3},"o":{"a":0,"k":100,"ix":4},"w":{"a":0,"k":15,"ix":5},"lc":2,"lj":1,"ml":4,"bm":0,"nm":"Stroke 1","mn":"ADBE Vector Graphic - Stroke","hd":false},{"ty":"tr","p":{"a":0,"k":[0,0],"ix":2},"a":{"a":0,"k":[0,0],"ix":1},"s":{"a":0,"k":[100,100],"ix":3},"r":{"a":0,"k":0,"ix":6},"o":{"a":0,"k":100,"ix":7},"sk":{"a":0,"k":0,"ix":4},"sa":{"a":0,"k":0,"ix":5},"nm":"Transform"}],"nm":"Shape 1","np":4,"cix":2,"bm":0,"ix":1,"mn":"ADBE Vector Group","hd":false}],"ip":0,"op":251,"st":0,"ct":1,"bm":0},{"ddd":0,"ind":34,"ty":4,"nm":"Shape Layer 29","parent":26,"sr":1,"ks":{"o":{"a":1,"k":[{"i":{"x":[0.833],"y":[0.833]},"o":{"x":[0.167],"y":[0.167]},"t":106,"s":[100]},{"t":119,"s":[0]}],"ix":11},"r":{"a":0,"k":0,"ix":10},"p":{"a":0,"k":[-122.75,4.75,0],"ix":2,"l":2},"a":{"a":0,"k":[-152,-113.25,0],"ix":1,"l":2},"s":{"a":0,"k":[100,100,100],"ix":6,"l":2}},"ao":0,"shapes":[{"ty":"gr","it":[{"ind":0,"ty":"sh","ix":1,"ks":{"a":1,"k":[{"i":{"x":0.833,"y":0.833},"o":{"x":0.167,"y":0.167},"t":-33,"s":[{"i":[[0,0],[27,-65]],"o":[[-53.5,109],[0,0]],"v":[[-152,-256],[-132.5,-70.5]],"c":false}]},{"t":118,"s":[{"i":[[0,0],[-37.5,46]],"o":[[-79,96],[0,0]],"v":[[-152,-256],[-87,-150.5]],"c":false}]}],"ix":2},"nm":"Path 1","mn":"ADBE Vector Shape - Group","hd":false},{"ty":"tm","s":{"a":1,"k":[{"i":{"x":[0.265],"y":[1]},"o":{"x":[0.121],"y":[0.282]},"t":-25,"s":[0]},{"t":164,"s":[100]}],"ix":1},"e":{"a":1,"k":[{"i":{"x":[0.265],"y":[1]},"o":{"x":[0.121],"y":[0.282]},"t":-33,"s":[0]},{"t":154,"s":[100]}],"ix":2},"o":{"a":0,"k":0,"ix":3},"m":1,"ix":2,"nm":"Trim Paths 1","mn":"ADBE Vector Filter - Trim","hd":false},{"ty":"st","c":{"a":0,"k":[1,0.843048095703,0.392150878906,1],"ix":3},"o":{"a":0,"k":100,"ix":4},"w":{"a":0,"k":15,"ix":5},"lc":2,"lj":1,"ml":4,"bm":0,"nm":"Stroke 1","mn":"ADBE Vector Graphic - Stroke","hd":false},{"ty":"tr","p":{"a":0,"k":[0,0],"ix":2},"a":{"a":0,"k":[0,0],"ix":1},"s":{"a":0,"k":[100,100],"ix":3},"r":{"a":0,"k":0,"ix":6},"o":{"a":0,"k":100,"ix":7},"sk":{"a":0,"k":0,"ix":4},"sa":{"a":0,"k":0,"ix":5},"nm":"Transform"}],"nm":"Shape 1","np":4,"cix":2,"bm":0,"ix":1,"mn":"ADBE Vector Group","hd":false}],"ip":-53,"op":198,"st":-53,"ct":1,"bm":0},{"ddd":0,"ind":35,"ty":4,"nm":"Shape Layer 28","parent":26,"sr":1,"ks":{"o":{"a":1,"k":[{"i":{"x":[0.833],"y":[0.833]},"o":{"x":[0.167],"y":[0.167]},"t":175,"s":[100]},{"t":188,"s":[0]}],"ix":11},"r":{"a":0,"k":0,"ix":10},"p":{"a":0,"k":[103.25,-27.25,0],"ix":2,"l":2},"a":{"a":0,"k":[-152,-113.25,0],"ix":1,"l":2},"s":{"a":0,"k":[100,100,100],"ix":6,"l":2}},"ao":0,"shapes":[{"ty":"gr","it":[{"ind":0,"ty":"sh","ix":1,"ks":{"a":1,"k":[{"i":{"x":0.833,"y":0.833},"o":{"x":0.167,"y":0.167},"t":20,"s":[{"i":[[0,0],[-3.5,62]],"o":[[-102.411,234.146],[0,0]],"v":[[-161,-334.142],[-83.689,-73.281]],"c":false}]},{"t":171,"s":[{"i":[[0,0],[-3.5,62]],"o":[[-81,199],[0,0]],"v":[[-152,-225.5],[-95,-95.5]],"c":false}]}],"ix":2},"nm":"Path 1","mn":"ADBE Vector Shape - Group","hd":false},{"ty":"tm","s":{"a":1,"k":[{"i":{"x":[0.265],"y":[1]},"o":{"x":[0.121],"y":[0.282]},"t":28,"s":[0]},{"t":217,"s":[100]}],"ix":1},"e":{"a":1,"k":[{"i":{"x":[0.265],"y":[1]},"o":{"x":[0.121],"y":[0.282]},"t":20,"s":[0]},{"t":207,"s":[100]}],"ix":2},"o":{"a":0,"k":0,"ix":3},"m":1,"ix":2,"nm":"Trim Paths 1","mn":"ADBE Vector Filter - Trim","hd":false},{"ty":"st","c":{"a":0,"k":[0.917572021484,0.364715576172,0.63916015625,1],"ix":3},"o":{"a":0,"k":100,"ix":4},"w":{"a":0,"k":15,"ix":5},"lc":2,"lj":1,"ml":4,"bm":0,"nm":"Stroke 1","mn":"ADBE Vector Graphic - Stroke","hd":false},{"ty":"tr","p":{"a":0,"k":[0,0],"ix":2},"a":{"a":0,"k":[0,0],"ix":1},"s":{"a":0,"k":[100,100],"ix":3},"r":{"a":0,"k":0,"ix":6},"o":{"a":0,"k":100,"ix":7},"sk":{"a":0,"k":0,"ix":4},"sa":{"a":0,"k":0,"ix":5},"nm":"Transform"}],"nm":"Shape 1","np":4,"cix":2,"bm":0,"ix":1,"mn":"ADBE Vector Group","hd":false}],"ip":0,"op":251,"st":0,"ct":1,"bm":0}],"markers":[]}